{
    "4": [
        0.06812613366679897,
        0.047072641854997585
    ],
    "8": [
        0.06652085468548963,
        0.040778201085679686
    ],
    "10": [
        0.05339719608906762,
        0.03554030334836299
    ],
    "15": [
        0.12472714278103197,
        0.07730865934156522
    ],
    "20": [
        0.06306448809339588,
        0.048187554519806115
    ],
    "30": [
        0.05673770586415091,
        0.05028091419603217
    ],
    "40": [
        0.0807059774973001,
        0.05225431376868644
    ],
    "50": [
        0.04601802200719192,
        0.03650564124358066
    ],
    "60": [
        0.07518218450420912,
        0.0465177939118021
    ],
    "70": [
        0.062233433023040394,
        0.05934455606615539
    ],
    "80": [
        0.06563831915715404,
        0.04870856180085625
    ],
    "90": [
        0.08381994329808333,
        0.06344841664706255
    ],
    "100": [
        0.07965296623610982,
        0.03821042882301947
    ]
}