{"training_parameters": {"LEARNING_RATE": 0.001, "WEIGHT_DECAY": 0, "MILESTONES": [1500, 3000, 8000], "GAMMA": 1, "BOARD_SHAPE": [4, 4], "BATCH_SIZE": 10, "POOL_SIZE": 1000, "TRAINING_STEPS": 5000, "UPDATE_STEPS": [15, 30], "NUM_MOVEMENTS": 10, "NEIGHBORHOOD": "Chebyshev", "DEAD_PERCENTAGE": [0, 25], "TILE_SIZE": 37.5}, "errors": [3.4392457008361816, 10.296845436096191, 3.540724039077759, 4.225733757019043, 2.4746105670928955, 3.1213865280151367, 5.779189586639404, 9.153035163879395, 2.429177761077881, 8.04094409942627, 4.125769138336182, 5.004866123199463, 2.9839065074920654, 3.0809826850891113, 4.612623691558838, 2.886580228805542, 4.104662895202637, 1.0996183156967163, 8.153236389160156, 2.350100517272949, 0.4319993257522583, 1.5125732421875, 5.587113380432129, 2.42331600189209, 3.899733066558838, 6.297665596008301, 0.7261549234390259, 4.080894947052002, 5.959694862365723, 3.5855722427368164, 5.622626781463623, 6.254200458526611, 3.6257286071777344, 1.1781907081604004, 14.593433380126953, 6.373754024505615, 3.286271095275879, 5.66574239730835, 5.973808765411377, 4.20427131652832, 4.748819828033447, 8.067517280578613, 8.421504020690918, 4.2894697189331055, 6.026985168457031, 6.213855266571045, 9.924196243286133, 3.8662540912628174, 1.9530043601989746, 6.39451789855957, 6.597256183624268, 4.942333698272705, 6.49470853805542, 3.3059399127960205, 8.586859703063965, 2.577606201171875, 4.467630863189697, 3.5043349266052246, 5.692953109741211, 8.493927001953125, 5.957834243774414, 9.912379264831543, 3.455186128616333, 4.544918537139893, 7.643045425415039, 2.9431655406951904, 2.640429973602295, 5.120818138122559, 1.4503309726715088, 3.8769850730895996, 3.066026449203491, 1.696142315864563, 3.3087546825408936, 3.6204216480255127, 2.0705957412719727, 2.146550416946411, 2.9002249240875244, 2.0552635192871094, 5.635478973388672, 1.180548906326294, 6.299583435058594, 6.378106594085693, 9.597171783447266, 8.206879615783691, 6.78404426574707, 5.256284713745117, 4.7033467292785645, 5.456333160400391, 4.600011825561523, 2.8812472820281982, 5.130376815795898, 2.6913516521453857, 6.377416133880615, 1.7562898397445679, 3.0019075870513916, 13.954163551330566, 3.254746675491333, 12.078081130981445, 4.764904499053955, 2.5467257499694824, 2.565568447113037, 4.163183212280273, 2.146167039871216, 3.2826778888702393, 13.691808700561523, 0.7788593769073486, 2.771414041519165, 4.207197189331055, 4.693783760070801, 3.0465071201324463, 6.591416835784912, 9.47656536102295, 1.4297618865966797, 3.2407541275024414, 9.62328052520752, 4.443910598754883, 1.6705352067947388, 5.106659412384033, 3.5493741035461426, 1.5777896642684937, 8.689529418945312, 8.029532432556152, 3.14461350440979, 1.548356294631958, 0.5625667572021484, 14.765201568603516, 3.3550474643707275, 5.7540459632873535, 2.696256637573242, 5.311203956604004, 4.047853946685791, 6.8351216316223145, 10.072442054748535, 5.143843173980713, 0.6862091422080994, 2.3026998043060303, 7.039436340332031, 6.373775482177734, 2.069645643234253, 3.745551109313965, 5.250030040740967, 6.059464931488037, 4.759427070617676, 6.134613513946533, 5.6819024085998535, 2.617581844329834, 8.831725120544434, 2.1606106758117676, 0.28373008966445923, 9.48161506652832, 5.3541107177734375, 8.248680114746094, 7.042236804962158, 7.2176713943481445, 6.312958240509033, 8.694318771362305, 4.202549457550049, 4.994161128997803, 8.48733139038086, 3.098203659057617, 15.315834045410156, 2.1784963607788086, 1.9312162399291992, 4.224407196044922, 8.288917541503906, 3.392963409423828, 1.8154149055480957, 4.811692714691162, 2.4073808193206787, 1.6121065616607666, 3.372128486633301, 6.478909969329834, 5.713545322418213, 9.86413288116455, 2.425323724746704, 2.9767520427703857, 4.390334129333496, 2.797074317932129, 8.201987266540527, 2.1809303760528564, 2.5451912879943848, 7.973727703094482, 4.276034355163574, 6.926138401031494, 3.2466893196105957, 2.5144734382629395, 4.635615348815918, 3.503183364868164, 2.546226739883423, 0.997539758682251, 1.7038887739181519, 6.5804762840271, 8.197555541992188, 6.4607672691345215, 2.044452667236328, 1.5175058841705322, 4.672027587890625, 2.9154696464538574, 2.1984775066375732, 1.9358428716659546, 4.8958563804626465, 2.605506181716919, 2.497976064682007, 5.530886173248291, 2.1477694511413574, 11.242026329040527, 1.735095500946045, 4.8004374504089355, 5.108888626098633, 3.979325771331787, 5.244024276733398, 1.5632667541503906, 2.835747718811035, 4.498203277587891, 3.9026002883911133, 1.6040370464324951, 4.282881736755371, 4.201515197753906, 8.007156372070312, 6.443930149078369, 2.0382630825042725, 2.5208146572113037, 6.132017612457275, 1.5060590505599976, 4.7719597816467285, 11.436341285705566, 8.52501106262207, 1.1041592359542847, 3.447148084640503, 5.211885929107666, 4.860609531402588, 7.863561153411865, 4.08991813659668, 6.299187183380127, 6.811134338378906, 4.742615222930908, 2.962153196334839, 5.81612491607666, 6.983321666717529, 6.402526378631592, 4.1380228996276855, 2.877394199371338, 6.953148365020752, 1.4452604055404663, 14.661081314086914, 7.631163120269775, 6.641087532043457, 8.333881378173828, 7.23131799697876, 3.2462306022644043, 9.907938003540039, 1.8996177911758423, 5.223783493041992, 1.3150328397750854, 15.04382038116455, 1.604870319366455, 3.3581137657165527, 3.0919408798217773, 4.350335597991943, 3.857431411743164, 0.6770753860473633, 3.8030264377593994, 4.190830230712891, 4.082446098327637, 3.1727688312530518, 3.0803003311157227, 6.459578037261963, 7.0527215003967285, 2.1560168266296387, 2.396625280380249, 8.38257122039795, 4.381942272186279, 4.338902950286865, 3.0877671241760254, 5.5597310066223145, 4.47274112701416, 1.301257610321045, 1.6579838991165161, 6.007877826690674, 3.1642768383026123, 3.0013463497161865, 2.7618141174316406, 0.724100649356842, 5.519228935241699, 4.2435455322265625, 7.8223795890808105, 8.191009521484375, 3.935140609741211, 2.5792880058288574, 6.625507831573486, 1.8415946960449219, 6.072012901306152, 2.5865345001220703, 1.8935106992721558, 3.925438165664673, 8.088303565979004, 7.980489730834961, 3.2546310424804688, 2.592155694961548, 4.955468654632568, 3.545912504196167, 10.395766258239746, 8.876646041870117, 3.9916257858276367, 8.292428016662598, 3.972381591796875, 3.8641462326049805, 8.358823776245117, 1.426073670387268, 9.909157752990723, 4.224063873291016, 3.5855326652526855, 2.0415124893188477, 7.15432596206665, 9.354196548461914, 2.045123338699341, 2.839876651763916, 8.062467575073242, 3.017183303833008, 5.477108001708984, 4.008220195770264, 3.521019220352173, 0.8559825420379639, 5.243139266967773, 0.624474287033081, 4.262639045715332, 8.847185134887695, 1.4863519668579102, 5.591174602508545, 8.792486190795898, 1.4306590557098389, 6.1456990242004395, 8.40221881866455, 7.969350814819336, 10.069245338439941, 13.184267044067383, 11.24257755279541, 7.675736427307129, 6.374720096588135, 4.235813140869141, 0.41496792435646057, 3.6580495834350586, 2.8622589111328125, 10.169126510620117, 5.083312511444092, 5.493089199066162, 8.47999382019043, 4.832174301147461, 3.725348949432373, 1.3435490131378174, 4.154813289642334, 3.9615917205810547, 4.8283162117004395, 7.884547710418701, 9.525787353515625, 2.590203285217285, 11.803654670715332, 4.166833400726318, 7.152062892913818, 5.695216178894043, 0.9262182116508484, 11.50993824005127, 2.9375832080841064, 4.67128849029541, 5.163094520568848, 4.23826789855957, 4.067286491394043, 9.845776557922363, 2.4081528186798096, 4.701659202575684, 6.7495269775390625, 4.3818488121032715, 6.116410732269287, 3.2770705223083496, 2.2447621822357178, 5.96398401260376, 8.45479679107666, 6.096118927001953, 3.865147590637207, 0.3534691333770752, 2.6589303016662598, 4.220535755157471, 4.159074783325195, 5.054403305053711, 6.543257236480713, 1.9416152238845825, 3.4757134914398193, 4.786433219909668, 6.086612701416016, 1.7388806343078613, 2.543391466140747, 5.065770626068115, 6.441867351531982, 5.8152618408203125, 4.745537757873535, 2.6868720054626465, 1.710031509399414, 