{"training_parameters": {"LEARNING_RATE": 0.001, "WEIGHT_DECAY": 0, "MILESTONES": [1500, 3000, 8000], "GAMMA": 1, "BOARD_SHAPE": [4, 4], "BATCH_SIZE": 10, "POOL_SIZE": 1000, "TRAINING_STEPS": 5000, "UPDATE_STEPS": [15, 30], "NUM_MOVEMENTS": 1, "NEIGHBORHOOD": "Chebyshev", "DEAD_PERCENTAGE": [0, 25], "TILE_SIZE": 37.5}, "errors": [11.847504615783691, 2.8482041358947754, 6.0943121910095215, 4.162246227264404, 9.586395263671875, 1.8290865421295166, 8.03167724609375, 7.485487937927246, 5.333194255828857, 5.763808727264404, 14.222704887390137, 3.688422441482544, 5.871216297149658, 6.693197250366211, 3.127923011779785, 4.174502849578857, 5.086398601531982, 8.037938117980957, 3.4005584716796875, 8.347576141357422, 8.29675006866455, 3.566714286804199, 6.692057132720947, 5.291687488555908, 6.330966949462891, 5.839424133300781, 4.545281887054443, 7.6005473136901855, 7.827761173248291, 10.9257173538208, 3.9957871437072754, 7.905282497406006, 9.941311836242676, 2.0712811946868896, 2.986124038696289, 12.389739990234375, 12.8409423828125, 9.176983833312988, 9.826586723327637, 11.911260604858398, 4.887828826904297, 4.63784646987915, 7.199346542358398, 2.120213747024536, 6.132079124450684, 7.190823078155518, 9.612720489501953, 4.243728160858154, 2.7810158729553223, 10.63047981262207, 10.568014144897461, 9.868830680847168, 12.423988342285156, 3.863025426864624, 6.328798294067383, 0.8142424821853638, 9.695117950439453, 2.8868439197540283, 11.515210151672363, 17.679670333862305, 8.269000053405762, 6.132658004760742, 4.591773986816406, 3.534001350402832, 6.294834136962891, 8.709468841552734, 2.9534449577331543, 8.189056396484375, 5.30733585357666, 6.874202728271484, 5.648499488830566, 8.843250274658203, 6.196406364440918, 13.97035026550293, 10.951200485229492, 12.593334197998047, 13.880965232849121, 4.9380269050598145, 5.5387678146362305, 4.3321919441223145, 2.2207062244415283, 8.326920509338379, 9.265165328979492, 7.710854530334473, 9.969367980957031, 8.747480392456055, 9.981168746948242, 4.957311153411865, 14.616025924682617, 8.68757152557373, 10.307024002075195, 8.283266067504883, 3.391265630722046, 4.847746849060059, 4.846583366394043, 13.545058250427246, 4.200218677520752, 6.478071212768555, 11.963936805725098, 1.7421331405639648, 4.235512733459473, 8.60987377166748, 8.014544486999512, 17.761083602905273, 20.69420623779297, 3.842071533203125, 4.298709869384766, 1.5195159912109375, 3.390568733215332, 9.723894119262695, 5.105700969696045, 10.658801078796387, 4.460620880126953, 10.446138381958008, 5.395084381103516, 3.4437074661254883, 5.574061870574951, 6.3483076095581055, 4.982935428619385, 2.5620687007904053, 3.1951873302459717, 6.75300407409668, 22.62643051147461, 4.750951766967773, 1.9945614337921143, 3.422804117202759, 19.595447540283203, 7.246661186218262, 15.073129653930664, 18.1964168548584, 13.767709732055664, 4.399162769317627, 9.189988136291504, 13.672767639160156, 5.261209964752197, 23.89990997314453, 6.5350213050842285, 2.6525306701660156, 20.26708984375, 5.4182538986206055, 11.991626739501953, 5.905541896820068, 9.31741714477539, 13.964869499206543, 9.889182090759277, 3.547973155975342, 3.7661352157592773, 11.33619499206543, 7.106105804443359, 5.711537837982178, 0.8271756768226624, 15.010862350463867, 6.754120826721191, 11.98945426940918, 6.72092866897583, 4.9899163246154785, 5.403327941894531, 1.8084458112716675, 3.4724652767181396, 7.5381293296813965, 17.305612564086914, 13.502593040466309, 3.4891366958618164, 12.075662612915039, 5.198885917663574, 5.693737506866455, 5.377823352813721, 8.255891799926758, 9.556924819946289, 1.8177157640457153, 7.633326530456543, 1.3227344751358032, 4.814414978027344, 7.3228373527526855, 0.5428881645202637, 21.485759735107422, 10.618037223815918, 4.7835493087768555, 14.263138771057129, 7.579802989959717, 6.001410484313965, 1.5511900186538696, 7.476782321929932, 5.030072212219238, 1.4097185134887695, 0.882546603679657, 19.456724166870117, 8.893669128417969, 1.4333161115646362, 5.695615768432617, 6.414166450500488, 7.3589348793029785, 2.663719654083252, 2.1707959175109863, 10.443215370178223, 9.895491600036621, 8.635034561157227, 2.753545045852661, 5.938529014587402, 4.234220027923584, 10.546650886535645, 5.479808807373047, 7.655948638916016, 11.828116416931152, 0.518173098564148, 5.543054103851318, 9.744030952453613, 12.898889541625977, 16.463525772094727, 15.381940841674805, 5.282174587249756, 22.67513656616211, 4.922830581665039, 12.023770332336426, 4.424915790557861, 10.404017448425293, 12.357224464416504, 5.441829204559326, 4.510744094848633, 6.981420040130615, 9.05963134765625, 9.706624984741211, 9.547205924987793, 5.189074993133545, 4.096851825714111, 9.924201965332031, 8.250242233276367, 7.683053493499756, 3.0645065307617188, 10.190768241882324, 13.398483276367188, 4.823902130126953, 5.255414962768555, 7.512172222137451, 3.239293336868286, 7.848443984985352, 10.324918746948242, 2.644937753677368, 2.7014148235321045, 3.700927257537842, 5.520575046539307, 2.727078437805176, 12.547820091247559, 1.4874072074890137, 4.933784008026123, 12.864830017089844, 4.302056789398193, 14.316987037658691, 4.317680835723877, 10.911890983581543, 19.179141998291016, 15.589778900146484, 12.236133575439453, 2.5214922428131104, 5.488714218139648, 9.043806076049805, 7.250481605529785, 9.683832168579102, 1.7640925645828247, 7.808204174041748, 4.216443061828613, 11.707131385803223, 14.786429405212402, 2.3634798526763916, 5.743333339691162, 2.9750888347625732, 7.639405250549316, 11.450142860412598, 5.302302360534668, 12.524202346801758, 3.9729197025299072, 12.971866607666016, 11.985090255737305, 3.0916335582733154, 5.842559337615967, 11.726949691772461, 14.068319320678711, 7.259963512420654, 2.408463478088379, 4.755093097686768, 13.97188663482666, 7.16749906539917, 2.3605544567108154, 4.231700420379639, 2.661447286605835, 0.7132200002670288, 0.5436266660690308, 5.685666084289551, 8.72735595703125, 1.775639533996582, 8.324898719787598, 4.078668117523193, 6.569847583770752, 9.43486499786377, 5.9417405128479, 12.227744102478027, 6.103002071380615, 3.0993573665618896, 16.73556137084961, 1.6992237567901611, 4.87551212310791, 11.119354248046875, 3.7980172634124756, 16.342260360717773, 8.118754386901855, 5.486867904663086, 5.250067234039307, 3.1845474243164062, 2.2348220348358154, 6.846686363220215, 9.60251235961914, 13.563607215881348, 11.739422798156738, 8.348668098449707, 11.27027702331543, 3.0536389350891113, 6.541351318359375, 9.501806259155273, 8.443035125732422, 3.538102149963379, 8.513994216918945, 1.4008877277374268, 9.524384498596191, 3.458965539932251, 3.812135696411133, 3.0635569095611572, 16.78031349182129, 9.793756484985352, 4.086409091949463, 3.509575366973877, 3.9876997470855713, 11.79015064239502, 3.9290499687194824, 7.108016490936279, 2.475766897201538, 9.073311805725098, 4.343142032623291, 3.883777379989624, 2.6447360515594482, 5.463758945465088, 2.7120323181152344, 11.135765075683594, 7.602856159210205, 2.699009656906128, 8.527092933654785, 7.824463844299316, 4.21269416809082, 3.9217429161071777, 7.6138763427734375, 9.213473320007324, 8.548429489135742, 2.322394371032715, 8.925533294677734, 8.691596031188965, 5.787632942199707, 14.983794212341309, 5.955626964569092, 13.66275691986084, 3.942880153656006, 4.9715728759765625, 9.532288551330566, 8.36458969116211, 3.25101900100708, 6.890163898468018, 12.507429122924805, 3.193991184234619, 7.292980670928955, 4.139011859893799, 12.079977035522461, 17.526262283325195, 6.635643005371094, 2.0502240657806396, 10.381904602050781, 3.336493492126465, 12.622106552124023, 6.429567813873291, 2.703165292739868, 7.5510334968566895, 7.4395623207092285, 1.9819066524505615, 9.479615211486816, 0.7265258431434631, 2.283127546310425, 7.432575702667236, 4.183629989624023, 6.1698222160339355, 2.68977689743042, 1.1210776567459106, 3.2703351974487305, 7.2168450355529785, 12.653088569641113, 11.370105743408203, 3.8080694675445557, 3.009711742401123, 8.030387878417969, 0.30933478474617004, 