{"training_parameters": {"LEARNING_RATE": 0.001, "WEIGHT_DECAY": 0, "MILESTONES": [1500, 3000, 8000], "GAMMA": 1, "BOARD_SHAPE": [4, 4], "BATCH_SIZE": 10, "POOL_SIZE": 1000, "TRAINING_STEPS": 5000, "UPDATE_STEPS": [15, 30], "NUM_MOVEMENTS": 1, "NEIGHBORHOOD": "Chebyshev", "DEAD_PERCENTAGE": [0, 25], "TILE_SIZE": 37.5}, "errors": [4.435998916625977, 11.409584999084473, 10.981413841247559, 10.534601211547852, 15.467191696166992, 26.977020263671875, 8.769225120544434, 12.444705963134766, 9.123011589050293, 23.942283630371094, 13.480310440063477, 18.273836135864258, 4.876156806945801, 18.345121383666992, 14.310966491699219, 14.369858741760254, 11.48835277557373, 12.778106689453125, 22.058584213256836, 8.44676685333252, 17.136890411376953, 12.397671699523926, 7.770898818969727, 12.101530075073242, 5.528656959533691, 6.910741329193115, 15.884350776672363, 21.647226333618164, 14.9826078414917, 6.055299758911133, 4.1215996742248535, 10.852952003479004, 20.092683792114258, 10.94227409362793, 21.610979080200195, 7.991783618927002, 16.404878616333008, 4.811742782592773, 2.2383408546447754, 4.792466640472412, 10.035006523132324, 13.407398223876953, 8.204374313354492, 11.699021339416504, 7.116054534912109, 18.240297317504883, 23.931705474853516, 22.8343505859375, 21.90593910217285, 14.597346305847168, 9.585819244384766, 10.939552307128906, 15.50931167602539, 7.483644962310791, 10.277101516723633, 23.91643714904785, 4.570069313049316, 19.053356170654297, 17.154674530029297, 8.87600326538086, 6.498324394226074, 5.759589195251465, 10.99414348602295, 11.218485832214355, 12.59533977508545, 9.630449295043945, 16.592670440673828, 18.726360321044922, 7.776525497436523, 8.081460952758789, 11.849609375, 10.659942626953125, 22.213165283203125, 14.80049991607666, 8.75871467590332, 6.527344226837158, 40.73532485961914, 7.355041980743408, 16.23821449279785, 11.10097885131836, 8.952498435974121, 20.655975341796875, 12.041970252990723, 17.07467269897461, 1.7718065977096558, 6.517847061157227, 18.373056411743164, 15.561354637145996, 9.04343318939209, 11.204974174499512, 10.80792236328125, 25.599395751953125, 9.309508323669434, 4.4187912940979, 18.236188888549805, 11.662747383117676, 18.247089385986328, 5.817229270935059, 10.993698120117188, 23.420312881469727, 14.742417335510254, 3.8535685539245605, 15.367081642150879, 16.22494125366211, 13.196345329284668, 7.9881911277771, 10.853130340576172, 4.853425979614258, 9.05006217956543, 12.728527069091797, 16.418554306030273, 3.3913838863372803, 4.350226879119873, 17.561113357543945, 13.083492279052734, 7.629787445068359, 11.280730247497559, 12.336798667907715, 9.34113883972168, 7.239992618560791, 21.69781494140625, 26.015827178955078, 11.760603904724121, 3.8294451236724854, 15.66917610168457, 20.358165740966797, 6.5795135498046875, 17.46785545349121, 21.668319702148438, 8.206381797790527, 8.940375328063965, 19.815643310546875, 18.744077682495117, 9.94926929473877, 16.02799415588379, 10.03412914276123, 10.249078750610352, 7.308829307556152, 23.154233932495117, 9.938565254211426, 18.725021362304688, 23.094242095947266, 10.1782865524292, 10.357185363769531, 10.303412437438965, 3.5597360134124756, 21.383201599121094, 13.16604232788086, 5.689445495605469, 8.76795482635498, 22.178075790405273, 7.992761135101318, 1.3223507404327393, 4.626601219177246, 20.65306854248047, 6.438568115234375, 20.702686309814453, 2.285659074783325, 14.265874862670898, 11.247183799743652, 25.794851303100586, 10.687606811523438, 12.143033027648926, 16.551837921142578, 14.556137084960938, 7.27606725692749, 14.657206535339355, 8.900732040405273, 11.182304382324219, 21.45577049255371, 7.179115295410156, 14.036048889160156, 11.950133323669434, 7.793901443481445, 29.41885757446289, 3.1772446632385254, 11.955036163330078, 2.5975098609924316, 13.131223678588867, 2.380086898803711, 9.23023509979248, 21.18256187438965, 7.946957588195801, 9.90485954284668, 19.796493530273438, 7.742151260375977, 16.51883888244629, 4.588768005371094, 15.575706481933594, 15.697714805603027, 10.239912033081055, 5.083259105682373, 11.23894214630127, 14.472188949584961, 6.001400470733643, 18.870155334472656, 28.42438507080078, 3.568938970565796, 13.990167617797852, 3.479369878768921, 11.747859954833984, 11.80144214630127, 4.277885437011719, 14.104879379272461, 18.315961837768555, 16.933223724365234, 9.190694808959961, 22.2896671295166, 6.325743198394775, 5.965305328369141, 47.28282928466797, 6.859792709350586, 20.081600189208984, 14.799535751342773, 8.045605659484863, 17.322830200195312, 2.0757827758789062, 14.57699966430664, 14.008749008178711, 2.574969530105591, 14.330347061157227, 3.320864677429199, 5.520959854125977, 7.051124572753906, 12.867635726928711, 16.35063934326172, 6.0825090408325195, 12.301725387573242, 1.0120922327041626, 24.06485939025879, 12.403502464294434, 8.06164264678955, 5.297696590423584, 4.7975382804870605, 26.803239822387695, 6.9612579345703125, 11.0076904296875, 12.892950057983398, 12.223118782043457, 15.352914810180664, 12.06789493560791, 2.7957448959350586, 10.2299222946167, 10.607315063476562, 7.725245475769043, 18.419267654418945, 19.576173782348633, 6.703734397888184, 14.479449272155762, 8.858902931213379, 8.101805686950684, 11.955581665039062, 9.00322151184082, 8.414752006530762, 5.48024320602417, 12.810420036315918, 7.093691825866699, 8.055503845214844, 11.006156921386719, 9.699337005615234, 7.658552169799805, 9.775365829467773, 8.102686882019043, 8.51899528503418, 1.5632743835449219, 0.7375800013542175, 17.69120216369629, 28.458581924438477, 12.805641174316406, 6.234267234802246, 7.169621467590332, 10.43217945098877, 32.37449645996094, 5.726200580596924, 8.692378044128418, 4.611649513244629, 13.472946166992188, 7.832305431365967, 10.597881317138672, 7.517590045928955, 18.271860122680664, 11.65355396270752, 7.129454135894775, 5.512740612030029, 17.923437118530273, 15.603095054626465, 24.072872161865234, 21.475515365600586, 3.4457333087921143, 33.67909240722656, 9.935219764709473, 12.040482521057129, 16.682477951049805, 16.163034439086914, 7.64586067199707, 13.628039360046387, 8.712779998779297, 20.64838218688965, 7.331393241882324, 11.580927848815918, 9.374587059020996, 13.17375373840332, 15.583382606506348, 13.94843864440918, 9.297420501708984, 11.375776290893555, 24.6973819732666, 2.3094983100891113, 8.948221206665039, 7.257016181945801, 9.638134002685547, 22.663494110107422, 19.960205078125, 6.636900901794434, 13.665848731994629, 5.45086145401001, 17.396747589111328, 9.76960277557373, 21.578332901000977, 1.236856460571289, 19.575361251831055, 15.812902450561523, 22.829814910888672, 5.1239800453186035, 6.997306823730469, 21.851564407348633, 24.5026798248291, 8.776424407958984, 6.751502990722656, 2.4911904335021973, 25.893945693969727, 16.384803771972656, 23.914278030395508, 6.0251030921936035, 12.706640243530273, 6.997856616973877, 10.34121322631836, 18.69491958618164, 15.33996868133545, 12.492475509643555, 21.88133430480957, 6.411099433898926, 7.923015117645264, 12.802361488342285, 16.12110137939453, 12.833359718322754, 7.607949256896973, 13.378399848937988, 10.375164985656738, 17.74451446533203, 21.532304763793945, 7.971938133239746, 12.895031929016113, 11.621732711791992, 20.03560447692871, 4.017836570739746, 28.126609802246094, 7.806442737579346, 8.989577293395996, 8.829933166503906, 0.6474472880363464, 8.134013175964355, 8.600123405456543, 13.717041969299316, 11.781936645507812, 17.658626556396484, 9.350550651550293, 11.417010307312012, 8.800976753234863, 9.109180450439453, 7.116699695587158, 4.553528308868408, 10.013762474060059, 5.045588970184326, 10.848538398742676, 7.505231857299805, 6.000165939331055, 26.866653442382812, 10.026978492736816, 8.410049438476562, 10.131223678588867, 2.986724376678467, 9.983357429504395, 20.291873931884766, 11.93833065032959, 6.3025312423706055, 6.077999591827393, 4.507236003875732, 19.03648567199707, 15.353053092956543, 3.7726757526397705, 18.381591796875, 16.700000762939453, 12.647253036499023, 15.226411819458008, 