{"training_parameters": {"LEARNING_RATE": 0.001, "WEIGHT_DECAY": 0, "MILESTONES": [1500, 3000, 8000], "GAMMA": 1, "BOARD_SHAPE": [4, 4], "BATCH_SIZE": 10, "POOL_SIZE": 1000, "TRAINING_STEPS": 5000, "UPDATE_STEPS": [15, 30], "NUM_MOVEMENTS": 1, "NEIGHBORHOOD": "Chebyshev", "DEAD_PERCENTAGE": [0, 25], "TILE_SIZE": 37.5}, "errors": [2.6788454055786133, 8.319944381713867, 8.675453186035156, 7.232950687408447, 6.023030757904053, 11.894253730773926, 6.265705585479736, 4.547171592712402, 7.672914028167725, 5.078057289123535, 21.163352966308594, 3.95585298538208, 7.886938571929932, 0.7815605401992798, 10.170304298400879, 9.289312362670898, 4.7494025230407715, 5.259195804595947, 3.257174015045166, 6.0825958251953125, 5.805566787719727, 6.026078701019287, 15.105533599853516, 10.806549072265625, 3.23565936088562, 7.305216312408447, 2.204096794128418, 3.6726276874542236, 2.9573419094085693, 2.0457406044006348, 2.106781244277954, 4.372352123260498, 8.553008079528809, 16.274385452270508, 2.1950840950012207, 8.002297401428223, 0.1691996306180954, 4.614899635314941, 14.769674301147461, 4.504641532897949, 2.255516290664673, 5.5176310539245605, 12.357354164123535, 2.8835043907165527, 4.210264682769775, 12.810171127319336, 2.5704636573791504, 3.5909664630889893, 4.327191352844238, 9.443657875061035, 4.156247138977051, 14.935760498046875, 8.03406047821045, 8.41689682006836, 9.324565887451172, 9.21414566040039, 8.002211570739746, 4.1473517417907715, 4.8950042724609375, 2.3163416385650635, 4.750404357910156, 3.68253231048584, 8.481290817260742, 9.819074630737305, 7.4376959800720215, 3.269243001937866, 13.946518898010254, 6.102259159088135, 12.265650749206543, 10.902037620544434, 9.577462196350098, 1.032734990119934, 3.0568456649780273, 8.448027610778809, 7.523466110229492, 7.11995267868042, 1.6857714653015137, 6.5180745124816895, 15.279715538024902, 5.9623332023620605, 10.096799850463867, 2.4796416759490967, 5.423623085021973, 4.693273544311523, 2.0314323902130127, 2.2316460609436035, 2.217289686203003, 1.3675134181976318, 1.8220871686935425, 3.058067798614502, 2.799959421157837, 7.030420303344727, 1.4465112686157227, 6.6936845779418945, 5.6690592765808105, 5.155409336090088, 6.2183518409729, 8.396992683410645, 1.7739778757095337, 7.132692337036133, 1.5742284059524536, 1.8533803224563599, 7.068808555603027, 6.858859062194824, 4.989869117736816, 7.300869464874268, 7.828778266906738, 4.989869117736816, 8.855242729187012, 8.793583869934082, 3.1404850482940674, 3.6205856800079346, 6.268394947052002, 9.13082504272461, 4.278670310974121, 2.828979969024658, 1.5742284059524536, 6.635252475738525, 6.190505027770996, 10.691264152526855, 1.3024684190750122, 4.4661478996276855, 5.348789215087891, 6.244274616241455, 5.3166823387146, 5.607872009277344, 8.097552299499512, 1.0573413372039795, 6.934784412384033, 4.966648101806641, 9.972251892089844, 4.222322463989258, 6.19211483001709, 0.8386646509170532, 5.254451274871826, 6.014787673950195, 4.882319927215576, 4.514803886413574, 6.044983863830566, 0.3591049015522003, 2.151811361312866, 2.802577495574951, 11.766674041748047, 6.588472366333008, 3.9932565689086914, 13.686637878417969, 3.5993692874908447, 7.134564399719238, 8.350902557373047, 4.553753852844238, 4.459704875946045, 6.151671409606934, 5.132375717163086, 4.3703508377075195, 1.924165964126587, 6.324812889099121, 4.338072299957275, 1.8711369037628174, 11.335128784179688, 8.433964729309082, 6.8350629806518555, 1.4229196310043335, 8.936416625976562, 6.037693977355957, 9.651928901672363, 7.390847682952881, 9.279990196228027, 2.2015559673309326, 5.718441963195801, 3.9924099445343018, 6.633471965789795, 6.210537910461426, 5.672171115875244, 8.816706657409668, 4.836565971374512, 3.0757505893707275, 20.486568450927734, 2.311819314956665, 1.8668715953826904, 6.9827399253845215, 1.671642541885376, 6.32388162612915, 4.7707037925720215, 9.798788070678711, 5.214776515960693, 4.681048393249512, 2.767221450805664, 5.4363813400268555, 1.2795439958572388, 2.2372732162475586, 4.2847490310668945, 4.3564348220825195, 5.929964065551758, 1.9208558797836304, 0.9038610458374023, 4.498828887939453, 4.095478057861328, 6.109910011291504, 6.770634174346924, 6.063997268676758, 11.088729858398438, 6.387937545776367, 6.024985313415527, 2.5524556636810303, 3.094477415084839, 9.095871925354004, 6.404762268066406, 6.0806884765625, 2.635542154312134, 1.112291932106018, 8.277770042419434, 3.8069844245910645, 2.8313698768615723, 2.291353464126587, 10.131977081298828, 9.679312705993652, 8.011768341064453, 2.2390754222869873, 6.394734859466553, 7.1324052810668945, 2.3391969203948975, 3.0882201194763184, 2.5862321853637695, 7.495912551879883, 5.401554584503174, 9.555830001831055, 3.9003376960754395, 3.209050416946411, 3.2273213863372803, 9.439351081848145, 11.469719886779785, 8.248638153076172, 7.804643154144287, 6.936609268188477, 7.432667255401611, 4.548407077789307, 15.310832023620605, 6.495307922363281, 4.461528778076172, 5.793912410736084, 3.8711342811584473, 4.2088165283203125, 8.012060165405273, 6.731018543243408, 3.3262765407562256, 2.680039167404175, 5.934632778167725, 2.9986155033111572, 4.872631549835205, 5.6149797439575195, 4.769475936889648, 7.452585220336914, 5.963855743408203, 1.7297178506851196, 3.0403831005096436, 7.89751672744751, 1.262608528137207, 7.917205810546875, 0.6378172636032104, 5.983147621154785, 13.867854118347168, 0.5199905633926392, 6.14674186706543, 1.0098305940628052, 3.803229808807373, 7.776447296142578, 1.8957455158233643, 7.9590654373168945, 3.2996203899383545, 5.403703212738037, 7.303151607513428, 7.69520902633667, 6.891097545623779, 5.86738920211792, 7.966804027557373, 1.569230079650879, 5.927040100097656, 10.426959991455078, 1.7485449314117432, 3.259622812271118, 5.0401177406311035, 2.381352424621582, 10.838262557983398, 5.4880805015563965, 7.21513557434082, 5.038213729858398, 7.170919418334961, 3.9271209239959717, 8.8815336227417, 4.369397163391113, 2.5657715797424316, 1.8973090648651123, 13.19961929321289, 1.415727138519287, 12.854440689086914, 8.263876914978027, 9.30242919921875, 5.079336166381836, 5.864424705505371, 3.9960668087005615, 4.416019916534424, 5.8579840660095215, 8.044488906860352, 5.750576496124268, 9.014683723449707, 5.416067123413086, 3.151785373687744, 4.43405818939209, 3.401278495788574, 7.228854179382324, 1.885265827178955, 4.25288724899292, 5.450512886047363, 6.588472366333008, 2.220756769180298, 5.512440204620361, 12.065313339233398, 1.9459437131881714, 7.376378059387207, 5.441957950592041, 9.60367202758789, 3.2687981128692627, 3.005664825439453, 3.038121461868286, 3.9568839073181152, 10.429126739501953, 8.941337585449219, 10.096799850463867, 2.2250113487243652, 3.090294599533081, 3.746133327484131, 3.296065330505371, 3.351275682449341, 2.1278231143951416, 8.3054838180542, 11.038907051086426, 9.34958553314209, 1.0553598403930664, 1.0969903469085693, 4.941716194152832, 6.843510150909424, 2.9163246154785156, 9.925200462341309, 5.494829177856445, 8.990721702575684, 4.76808500289917, 11.376373291015625, 4.667248725891113, 3.520270586013794, 34.632415771484375, 4.463963985443115, 5.929794788360596, 10.577461242675781, 6.977144718170166, 1.336625576019287, 8.557348251342773, 8.433692932128906, 2.5492353439331055, 5.288778305053711, 8.514389991760254, 11.185383796691895, 3.2926101684570312, 1.1065990924835205, 1.3969274759292603, 3.6092333793640137, 1.94670832157135, 5.5502495765686035, 13.037109375, 6.123210906982422, 8.849322319030762, 4.595231056213379, 1.6219440698623657, 11.27523136138916, 9.977273941040039, 7.138216018676758, 4.412923812866211, 8.893804550170898, 1.1013221740722656, 7.051703453063965, 5.128159999847412, 5.730954170227051, 2.547353506088257, 12.64725112915039, 2.9268155097961426, 9.27078628540039, 2.9050514698028564, 2.3697097301483154, 8.740347862243652, 3.4667091369628906, 10.217658996582031, 8.868905067443848, 7.8934102058410645, 6.893816947937012, 3.221259593963623, 5.758090972900391, 14.829514503479004, 1.5597114562988281, 