{"training_parameters": {"LEARNING_RATE": 0.001, "WEIGHT_DECAY": 0, "MILESTONES": [1500, 3000, 8000], "GAMMA": 1, "BOARD_SHAPE": [4, 4], "BATCH_SIZE": 10, "POOL_SIZE": 1000, "TRAINING_STEPS": 5000, "UPDATE_STEPS": [15, 30], "NUM_MOVEMENTS": 10, "NEIGHBORHOOD": "Chebyshev", "DEAD_PERCENTAGE": [0, 25], "TILE_SIZE": 37.5}, "errors": [5.972423076629639, 3.532714605331421, 3.412964344024658, 2.988372564315796, 3.511406183242798, 2.144045829772949, 6.925261497497559, 5.348230838775635, 7.443129539489746, 5.8719940185546875, 1.904945969581604, 0.383943647146225, 7.38348913192749, 6.6024489402771, 6.22078275680542, 5.895079612731934, 8.50131893157959, 2.8693137168884277, 2.723673105239868, 2.0718319416046143, 3.2207353115081787, 4.782601356506348, 3.8997409343719482, 3.1723079681396484, 2.986124277114868, 5.664801120758057, 1.2046501636505127, 1.6719332933425903, 10.608108520507812, 5.392442226409912, 2.3614299297332764, 1.597880482673645, 1.9639759063720703, 2.2120299339294434, 5.474188804626465, 9.33455753326416, 2.719238042831421, 4.2008442878723145, 1.6244888305664062, 4.568127155303955, 3.7755837440490723, 7.6571269035339355, 4.206742286682129, 3.6895439624786377, 2.140657663345337, 3.3902509212493896, 2.9538111686706543, 3.171264171600342, 6.200127124786377, 5.587919235229492, 1.905561089515686, 4.080444812774658, 7.486359596252441, 2.121994733810425, 6.449442386627197, 2.0354652404785156, 0.8552956581115723, 9.957662582397461, 4.045433044433594, 2.0356781482696533, 2.2296321392059326, 1.6925914287567139, 7.21740198135376, 8.219680786132812, 5.436123847961426, 4.813807964324951, 3.900019407272339, 3.56417179107666, 5.694633483886719, 4.850583553314209, 1.3270773887634277, 2.587541341781616, 1.4103909730911255, 6.378341197967529, 5.01936674118042, 4.1879472732543945, 3.946632146835327, 3.6557672023773193, 4.450003147125244, 3.049581289291382, 4.070242881774902, 6.541614055633545, 4.266578197479248, 7.748878002166748, 4.7562971115112305, 4.729753017425537, 7.466088771820068, 3.6387100219726562, 4.084878921508789, 4.445688724517822, 12.531179428100586, 8.12756633758545, 0.9558489918708801, 4.418837070465088, 2.470560073852539, 2.756969928741455, 5.513940334320068, 6.51984977722168, 0.6420072913169861, 2.3321213722229004, 7.064052581787109, 2.1734108924865723, 2.224260091781616, 3.792017936706543, 2.9753334522247314, 1.1514884233474731, 3.387697696685791, 2.7382876873016357, 6.130125045776367, 10.505115509033203, 3.0827739238739014, 7.57261848449707, 7.180971622467041, 3.4142990112304688, 4.717867374420166, 4.864956855773926, 1.500445008277893, 6.5463690757751465, 3.4066379070281982, 13.46987247467041, 6.056159973144531, 6.092655181884766, 6.302836894989014, 4.149110794067383, 8.92136001586914, 4.082247257232666, 1.9687163829803467, 2.6366074085235596, 2.4374122619628906, 2.1763668060302734, 6.995598793029785, 4.064948558807373, 2.878474712371826, 1.4726290702819824, 4.462934970855713, 1.1744636297225952, 3.39656662940979, 4.040073871612549, 4.929891586303711, 1.3608050346374512, 2.117305278778076, 10.033613204956055, 7.73985481262207, 6.942867279052734, 1.4038052558898926, 3.7459874153137207, 1.9985233545303345, 4.846729755401611, 10.0801420211792, 2.3326635360717773, 4.656766891479492, 4.612250804901123, 2.070972442626953, 2.740180492401123, 3.419074296951294, 7.413407802581787, 4.753824710845947, 2.233867883682251, 3.059800863265991, 2.664930820465088, 9.376871109008789, 0.9726623892784119, 7.031845569610596, 2.558323621749878, 3.495330810546875, 3.5849788188934326, 2.630281925201416, 5.845517635345459, 4.202420234680176, 4.612419128417969, 2.1275103092193604, 2.5803027153015137, 0.41655462980270386, 5.6535258293151855, 3.2597219944000244, 3.3004770278930664, 3.6660420894622803, 4.907939434051514, 5.690815448760986, 1.601980209350586, 5.941516876220703, 7.8962225914001465, 3.1083693504333496, 3.8536574840545654, 3.619218111038208, 1.9433574676513672, 3.178103446960449, 7.371778964996338, 4.752115249633789, 6.2211408615112305, 6.5210442543029785, 0.5438085198402405, 5.900574207305908, 5.244642734527588, 5.691031455993652, 1.012511134147644, 4.3814849853515625, 1.5932003259658813, 3.4357094764709473, 4.352369785308838, 5.271139144897461, 4.7547502517700195, 5.533102989196777, 5.806801795959473, 9.748144149780273, 4.0074992179870605, 6.865295886993408, 9.95971965789795, 2.6273727416992188, 2.5752334594726562, 2.438119888305664, 3.5318431854248047, 3.431265115737915, 1.686638593673706, 4.269474506378174, 6.113062381744385, 5.496024131774902, 4.8472418785095215, 1.5990374088287354, 1.0753748416900635, 8.60952377319336, 4.704664707183838, 4.93329381942749, 5.994221210479736, 0.5062585473060608, 2.855180501937866, 0.8317871689796448, 3.527385950088501, 1.7307097911834717, 3.567808151245117, 3.5149571895599365, 3.4800198078155518, 4.136631965637207, 4.736934661865234, 9.207080841064453, 6.4595232009887695, 3.478456497192383, 2.9015743732452393, 6.588459014892578, 1.5933724641799927, 2.1632933616638184, 4.438534736633301, 6.02055549621582, 3.793405532836914, 4.834972858428955, 2.4082140922546387, 17.293540954589844, 4.447215557098389, 6.273192882537842, 4.448554992675781, 7.775750160217285, 10.438543319702148, 2.6990890502929688, 1.2213457822799683, 0.4802868068218231, 1.5575356483459473, 8.535859107971191, 2.791090726852417, 4.696746349334717, 1.4647982120513916, 4.811562538146973, 9.282944679260254, 5.677948951721191, 3.7770044803619385, 3.587127923965454, 5.207319736480713, 3.0751516819000244, 5.810288906097412, 5.802312850952148, 5.783135890960693, 5.129337787628174, 6.695530414581299, 8.68584156036377, 0.8410634398460388, 1.5356190204620361, 2.190394401550293, 3.84464693069458, 4.4786810874938965, 2.932513952255249, 2.4914770126342773, 3.8201022148132324, 3.8780040740966797, 5.934765338897705, 7.718991279602051, 3.6925647258758545, 2.363739252090454, 1.990713119506836, 3.6345784664154053, 5.912923336029053, 6.537594795227051, 5.130374908447266, 4.843298435211182, 4.059749126434326, 5.769468784332275, 10.665064811706543, 2.7503912448883057, 4.185932636260986, 0.4332447052001953, 2.8562135696411133, 3.3399710655212402, 0.3902452290058136, 3.5713086128234863, 11.217912673950195, 2.8800642490386963, 1.6324025392532349, 4.544801235198975, 3.5129125118255615, 5.642246723175049, 7.2885541915893555, 0.9618034958839417, 3.9641246795654297, 3.2779717445373535, 9.812540054321289, 2.463541030883789, 4.012826442718506, 6.50061559677124, 1.0497628450393677, 6.809645652770996, 8.414726257324219, 2.5667803287506104, 2.85502290725708, 5.778896331787109, 1.4678541421890259, 5.936675548553467, 6.970937252044678, 4.364141464233398, 5.585746765136719, 9.778312683105469, 1.1128357648849487, 5.709286689758301, 4.158600330352783, 4.695343494415283, 1.693905234336853, 13.358953475952148, 1.967856764793396, 2.4798169136047363, 0.7226713299751282, 2.1406266689300537, 5.632108688354492, 2.6518054008483887, 1.2510532140731812, 2.7171790599823, 8.756093978881836, 7.181075572967529, 4.960300922393799, 8.295790672302246, 7.098984718322754, 3.597794771194458, 7.941416263580322, 5.021772861480713, 4.526907920837402, 8.320069313049316, 3.9258337020874023, 3.4847960472106934, 2.697932243347168, 8.42773723602295, 8.113903045654297, 3.0434179306030273, 5.866555690765381, 4.485363483428955, 12.651562690734863, 4.035833835601807, 3.5679519176483154, 5.557209491729736, 9.565531730651855, 5.016963958740234, 4.636922836303711, 6.368471145629883, 6.548276901245117, 9.300318717956543, 6.959925174713135, 5.467397212982178, 0.3130439817905426, 4.444519519805908, 4.17130708694458, 10.45718002319336, 6.095889091491699, 4.7757744789123535, 3.2441744804382324, 6.387977600097656, 5.379290580749512, 2.099839210510254, 1.4085887670516968, 2.283834457397461, 1.901249647140503, 6.007749557495117, 7.462889194488525, 5.172606468200684, 0.6308910846710205, 6.719937324523926, 7.8998613357543945, 4.136427402496338, 4.013300895690918, 2.0980029106140137, 5.031877040863037, 2.2997915744781494, 2.5966670513153076, 