{"training_parameters": {"LEARNING_RATE": 0.001, "WEIGHT_DECAY": 0, "MILESTONES": [1500, 3000, 8000], "GAMMA": 1, "BOARD_SHAPE": [4, 4], "BATCH_SIZE": 10, "POOL_SIZE": 1000, "TRAINING_STEPS": 5000, "UPDATE_STEPS": [15, 30], "NUM_MOVEMENTS": 1, "NEIGHBORHOOD": "Chebyshev", "DEAD_PERCENTAGE": [0, 25], "TILE_SIZE": 37.5}, "errors": [53.461814880371094, 2.1793251037597656, 8.258676528930664, 9.70824909210205, 2.526067018508911, 12.038086891174316, 13.997549057006836, 4.852936744689941, 6.515456199645996, 5.43122673034668, 6.345932960510254, 10.583769798278809, 7.398037433624268, 7.268528938293457, 2.0804190635681152, 11.135000228881836, 7.889864444732666, 8.647143363952637, 15.628321647644043, 13.082906723022461, 16.499435424804688, 4.667243957519531, 5.104420185089111, 8.563289642333984, 6.529356956481934, 13.934821128845215, 7.164195537567139, 9.580918312072754, 23.86160659790039, 5.251315593719482, 21.449298858642578, 13.859033584594727, 6.664710998535156, 4.4009222984313965, 13.01916217803955, 6.24778413772583, 10.693509101867676, 23.53861427307129, 15.808804512023926, 52.884944915771484, 6.430080890655518, 10.000808715820312, 9.919833183288574, 30.643661499023438, 6.831055641174316, 19.711050033569336, 64.32794952392578, 4.755823612213135, 29.325822830200195, 13.700271606445312, 26.567928314208984, 8.563794136047363, 13.407968521118164, 10.028382301330566, 5.240686416625977, 8.93632698059082, 5.903339385986328, 5.2476701736450195, 8.960790634155273, 4.204779148101807, 11.563728332519531, 6.722021579742432, 11.468087196350098, 12.258942604064941, 4.98653507232666, 9.71072769165039, 6.061805725097656, 8.15153694152832, 8.426822662353516, 10.580866813659668, 2.9277186393737793, 18.272584915161133, 13.140904426574707, 5.989810943603516, 6.326846122741699, 15.54878044128418, 8.928504943847656, 6.844300270080566, 4.38421630859375, 11.172701835632324, 13.1185884475708, 2.8263139724731445, 16.759864807128906, 11.28562068939209, 18.745357513427734, 12.608901023864746, 3.274017095565796, 2.3863165378570557, 7.299041271209717, 8.080833435058594, 7.640860557556152, 10.750701904296875, 9.359085083007812, 4.498312473297119, 11.287579536437988, 3.977494239807129, 12.400256156921387, 16.376569747924805, 16.16887092590332, 15.646085739135742, 11.998610496520996, 6.247887134552002, 5.6806321144104, 132.53131103515625, 2.6308510303497314, 17.069244384765625, 19.16586685180664, 29.63697624206543, 9.936361312866211, 13.122163772583008, 8.470612525939941, 7.7357916831970215, 2.02038836479187, 21.303834915161133, 6.772106647491455, 3.4874043464660645, 4.906907558441162, 3.726259708404541, 7.12277889251709, 3.196683406829834, 21.29487419128418, 5.085154056549072, 21.717252731323242, 7.0954084396362305, 10.40792179107666, 3.9509506225585938, 13.661948204040527, 9.397603988647461, 9.241394996643066, 6.023216247558594, 6.438565254211426, 26.43323516845703, 21.599063873291016, 10.706541061401367, 17.71990203857422, 19.118268966674805, 15.079524040222168, 44.34606170654297, 11.718917846679688, 31.522884368896484, 11.295058250427246, 14.385869026184082, 8.614128112792969, 6.849516868591309, 2.2542672157287598, 2.794342517852783, 10.04471206665039, 34.287349700927734, 23.618858337402344, 16.490800857543945, 3.018547296524048, 20.996253967285156, 8.291671752929688, 8.367083549499512, 6.259453773498535, 9.8972806930542, 5.7121381759643555, 1.9323302507400513, 7.242532730102539, 41.02921676635742, 8.130488395690918, 10.615816116333008, 6.506807327270508, 11.670525550842285, 16.04017448425293, 12.567240715026855, 10.566414833068848, 10.952557563781738, 3.7866246700286865, 21.200916290283203, 4.257013320922852, 4.078116416931152, 13.198418617248535, 6.564625263214111, 0.9764689207077026, 2.2893385887145996, 12.8406343460083, 12.400654792785645, 46.86709213256836, 4.006323337554932, 6.71005392074585, 6.890324592590332, 14.940028190612793, 4.295712947845459, 9.135125160217285, 5.579364776611328, 6.517969131469727, 9.16646957397461, 8.40108871459961, 12.46422290802002, 2.424042224884033, 9.746858596801758, 7.3398003578186035, 5.581707954406738, 14.955857276916504, 8.976175308227539, 4.4520039558410645, 20.92490005493164, 36.29774475097656, 8.218011856079102, 6.8931756019592285, 12.027462005615234, 3.9096391201019287, 12.381299018859863, 8.324934005737305, 5.553825378417969, 7.04949426651001, 10.258155822753906, 9.882591247558594, 9.303017616271973, 14.859476089477539, 12.401192665100098, 7.550544738769531, 9.814979553222656, 16.632217407226562, 9.693224906921387, 7.729578971862793, 2.966947555541992, 7.333651542663574, 9.135125160217285, 9.126157760620117, 9.405242919921875, 6.568777084350586, 8.832334518432617, 13.107328414916992, 62.58946990966797, 11.449875831604004, 10.959983825683594, 5.099588394165039, 16.553478240966797, 27.38163948059082, 7.016110420227051, 5.025865077972412, 3.86273455619812, 2.841841459274292, 7.815447807312012, 9.741508483886719, 3.54311466217041, 13.437074661254883, 1.9715458154678345, 9.069941520690918, 8.319314002990723, 11.931037902832031, 12.850408554077148, 1.9130334854125977, 4.095318794250488, 13.13784122467041, 16.735034942626953, 2.967684030532837, 9.906394958496094, 15.992259979248047, 10.821407318115234, 9.546257972717285, 6.565526485443115, 4.8291544914245605, 21.031675338745117, 4.707779407501221, 5.003654479980469, 4.608968257904053, 14.965890884399414, 7.593339920043945, 7.0832085609436035, 5.51979398727417, 16.402976989746094, 4.656533241271973, 13.45374584197998, 1.1275935173034668, 18.041702270507812, 11.236441612243652, 11.469021797180176, 3.835526943206787, 13.837202072143555, 8.77247428894043, 13.651564598083496, 5.3737688064575195, 8.80189323425293, 2.6513447761535645, 4.213091850280762, 10.039749145507812, 11.579867362976074, 4.6855692863464355, 10.774415016174316, 7.840818405151367, 7.8257856369018555, 89.89598846435547, 3.1564221382141113, 15.614108085632324, 6.47705078125, 2.8351290225982666, 10.674659729003906, 9.246167182922363, 4.324237823486328, 38.061622619628906, 15.907281875610352, 6.284698486328125, 4.150660514831543, 5.72878885269165, 14.424749374389648, 14.189301490783691, 19.01970672607422, 6.568777084350586, 6.476568222045898, 61.56834411621094, 10.96515941619873, 5.99422025680542, 3.703169345855713, 10.9198579788208, 11.86428451538086, 18.99951171875, 17.03026580810547, 7.636634349822998, 16.34966468811035, 9.526739120483398, 4.550389289855957, 10.479787826538086, 9.030896186828613, 15.92994213104248, 3.455414056777954, 6.352858066558838, 7.717405319213867, 73.3976058959961, 8.224494934082031, 13.87791919708252, 0.9870226383209229, 15.845145225524902, 18.07173728942871, 23.117219924926758, 11.167999267578125, 15.037647247314453, 17.623939514160156, 1.448903203010559, 11.834366798400879, 7.668868064880371, 6.898622512817383, 3.034935712814331, 7.707492828369141, 5.720260143280029, 12.109620094299316, 15.861560821533203, 33.403255462646484, 5.234422206878662, 65.24246215820312, 9.488527297973633, 8.825769424438477, 3.7846720218658447, 2.48583984375, 67.87225341796875, 4.172811985015869, 9.54296875, 31.522884368896484, 7.3668718338012695, 9.049720764160156, 8.339515686035156, 2.7495579719543457, 23.649181365966797, 27.93781280517578, 6.378752708435059, 22.61087417602539, 5.8859381675720215, 10.909653663635254, 14.342166900634766, 2.6479692459106445, 26.578109741210938, 2.5555288791656494, 65.87052917480469, 7.637135982513428, 6.122365474700928, 3.713498592376709, 7.45062255859375, 12.98743724822998, 15.731979370117188, 14.136580467224121, 74.57494354248047, 77.01122283935547, 110.61727905273438, 7.081614971160889, 19.505512237548828, 7.707492828369141, 20.04132080078125, 3.5590102672576904, 9.660286903381348, 4.854405879974365, 19.130516052246094, 25.629032135009766, 6.746737003326416, 19.062803268432617, 11.486352920532227, 5.8544158935546875, 15.622198104858398, 7.404428005218506, 5.241761684417725, 6.142402648925781, 12.785921096801758, 53.94401168823242, 4.5346527099609375, 9.526684761047363, 67.68411254882812, 