{"training_parameters": {"LEARNING_RATE": 0.001, "WEIGHT_DECAY": 0, "MILESTONES": [1500, 3000, 8000], "GAMMA": 1, "BOARD_SHAPE": [4, 4], "BATCH_SIZE": 10, "POOL_SIZE": 1000, "TRAINING_STEPS": 5000, "UPDATE_STEPS": [15, 30], "NUM_MOVEMENTS": 1, "NEIGHBORHOOD": "Chebyshev", "DEAD_PERCENTAGE": [0, 25], "TILE_SIZE": 37.5}, "errors": [15.550444602966309, 6.989212512969971, 1.7146705389022827, 8.829364776611328, 3.6115758419036865, 4.153756141662598, 3.2740209102630615, 2.365696668624878, 7.119101047515869, 19.930498123168945, 6.388001918792725, 13.860390663146973, 4.916803359985352, 5.616882801055908, 8.75412654876709, 10.646037101745605, 5.693862438201904, 2.707890033721924, 5.516663551330566, 5.461512565612793, 3.998563289642334, 17.967792510986328, 3.783334732055664, 13.032903671264648, 5.176348686218262, 7.319595813751221, 7.133087158203125, 6.860193252563477, 7.6888227462768555, 3.5719192028045654, 5.485564708709717, 8.38013744354248, 11.53199291229248, 7.301225185394287, 9.01839542388916, 13.002336502075195, 4.180138111114502, 6.122413158416748, 2.700205087661743, 9.095687866210938, 3.0716159343719482, 5.491892337799072, 3.0076026916503906, 5.315629959106445, 5.898140907287598, 3.3344476222991943, 6.91499662399292, 6.382918357849121, 7.27568244934082, 4.013097763061523, 3.3974146842956543, 14.504951477050781, 11.57805347442627, 5.4426655769348145, 6.842851638793945, 8.303778648376465, 6.470963001251221, 16.4466495513916, 6.400796413421631, 4.564593315124512, 6.756536483764648, 7.662264347076416, 3.69050669670105, 4.072137355804443, 8.202384948730469, 9.04600715637207, 4.240550994873047, 3.4884884357452393, 7.091268062591553, 1.3795545101165771, 5.037761688232422, 7.265841960906982, 17.163854598999023, 4.622345447540283, 4.619431495666504, 3.9433932304382324, 13.06382942199707, 3.640352964401245, 22.109521865844727, 8.489934921264648, 16.682373046875, 2.0265913009643555, 5.702428817749023, 5.0860724449157715, 7.540655612945557, 8.847477912902832, 4.277753829956055, 7.702498912811279, 10.093466758728027, 7.532724380493164, 1.9400774240493774, 3.136103391647339, 7.485414505004883, 7.563237190246582, 8.344968795776367, 1.7299007177352905, 3.1082026958465576, 4.93643856048584, 3.0074644088745117, 4.890526294708252, 3.4172070026397705, 4.398464679718018, 4.224515438079834, 1.7204288244247437, 3.556723117828369, 10.924057960510254, 7.1909332275390625, 12.228781700134277, 5.282931327819824, 5.069588661193848, 1.732452392578125, 2.9457967281341553, 12.550947189331055, 8.709010124206543, 2.3094942569732666, 6.0077033042907715, 5.5057525634765625, 6.935710430145264, 1.5213273763656616, 7.095719337463379, 2.0760672092437744, 1.0890002250671387, 9.824389457702637, 10.24521541595459, 12.179784774780273, 5.719675540924072, 5.559507846832275, 3.5635898113250732, 3.58396315574646, 11.638984680175781, 9.137173652648926, 4.268251419067383, 2.459630012512207, 7.272101402282715, 6.263310432434082, 2.4182441234588623, 11.265312194824219, 4.982240676879883, 4.016719818115234, 4.8328423500061035, 5.268091678619385, 12.994244575500488, 0.5795618295669556, 6.347011566162109, 1.8783079385757446, 5.52085542678833, 5.767428398132324, 3.714406967163086, 4.968903541564941, 2.5095348358154297, 6.005512714385986, 4.579684257507324, 17.722105026245117, 4.087951183319092, 0.6154801249504089, 23.128658294677734, 21.30230140686035, 7.869260787963867, 15.490982055664062, 5.7824225425720215, 2.0527098178863525, 5.988391876220703, 6.123908042907715, 7.401729583740234, 5.789482116699219, 16.093833923339844, 4.195869445800781, 6.567350387573242, 11.066553115844727, 14.061298370361328, 11.263723373413086, 3.067793130874634, 4.184411525726318, 4.984344482421875, 1.8556435108184814, 5.995837211608887, 1.917336344718933, 2.4363014698028564, 6.858719348907471, 2.823744773864746, 5.522217750549316, 9.17210865020752, 7.3362321853637695, 7.828731060028076, 7.8568949699401855, 4.895371913909912, 10.55793285369873, 7.144547939300537, 6.869324207305908, 3.265378952026367, 5.455046653747559, 3.0369789600372314, 9.744446754455566, 18.67326545715332, 6.687467575073242, 9.184349060058594, 9.756077766418457, 4.877201557159424, 3.65857195854187, 7.332090377807617, 13.912060737609863, 7.247690200805664, 9.422441482543945, 4.024047374725342, 8.247676849365234, 13.139952659606934, 4.391254425048828, 5.286526679992676, 6.833937644958496, 2.5494117736816406, 6.340304851531982, 6.04010009765625, 11.862513542175293, 5.798856258392334, 6.779730319976807, 4.2621331214904785, 0.8014059066772461, 6.788762092590332, 4.966058731079102, 5.489926815032959, 6.01590633392334, 2.6901018619537354, 12.885513305664062, 4.32912540435791, 7.990818023681641, 8.68352222442627, 3.726547956466675, 5.8949503898620605, 3.9076387882232666, 5.801370620727539, 5.283895492553711, 2.180055618286133, 4.498166561126709, 12.709556579589844, 6.862123012542725, 0.4568755328655243, 7.591709136962891, 4.528205871582031, 11.457979202270508, 0.7771191000938416, 3.9364750385284424, 9.119857788085938, 2.719547748565674, 5.034933567047119, 7.830387592315674, 7.2543745040893555, 3.441704511642456, 11.966805458068848, 3.7597298622131348, 14.782706260681152, 4.117457389831543, 22.910964965820312, 4.601561546325684, 4.4754228591918945, 10.909295082092285, 4.280172348022461, 6.9818949699401855, 22.91541862487793, 4.951146602630615, 5.682991027832031, 5.517195224761963, 4.964435577392578, 10.284418106079102, 3.21876859664917, 9.765631675720215, 8.328939437866211, 4.14954137802124, 6.664004325866699, 1.4939988851547241, 1.6090892553329468, 2.3208329677581787, 4.685169696807861, 8.015799522399902, 8.94737720489502, 13.733622550964355, 3.8003156185150146, 5.740443229675293, 12.537699699401855, 1.6875540018081665, 7.867872714996338, 0.6798967719078064, 6.360301494598389, 8.14047622680664, 4.7330322265625, 6.037912368774414, 3.992530584335327, 5.2819647789001465, 3.381120204925537, 7.214349269866943, 5.1141180992126465, 10.464207649230957, 7.4080705642700195, 6.3953633308410645, 7.2296013832092285, 9.16629409790039, 12.214735984802246, 2.165896415710449, 8.716975212097168, 11.36244010925293, 9.999523162841797, 12.789999008178711, 3.915738344192505, 4.873386383056641, 5.528140068054199, 4.763034820556641, 7.16330623626709, 11.151244163513184, 14.016359329223633, 7.765896797180176, 5.409732341766357, 8.558445930480957, 5.540870666503906, 7.33514404296875, 10.867399215698242, 11.579371452331543, 2.4779441356658936, 3.626979351043701, 4.477396488189697, 4.1710124015808105, 3.2234458923339844, 4.492763042449951, 6.866276264190674, 15.708827018737793, 10.159168243408203, 7.532266616821289, 2.07865571975708, 9.783792495727539, 3.4243931770324707, 2.445974349975586, 10.898911476135254, 1.4848697185516357, 5.361096382141113, 1.787807822227478, 12.39559555053711, 7.553223609924316, 3.95432448387146, 10.29816722869873, 17.7672061920166, 6.631790637969971, 4.957751274108887, 1.9307081699371338, 9.184428215026855, 7.691969871520996, 2.481778621673584, 6.68246603012085, 3.505671501159668, 3.6630516052246094, 4.265139102935791, 6.945518970489502, 3.983607530593872, 3.6911845207214355, 5.129951000213623, 7.882632732391357, 10.033404350280762, 12.03155517578125, 6.1280317306518555, 12.250439643859863, 7.019248962402344, 10.048097610473633, 4.341338157653809, 6.125932216644287, 4.911139965057373, 4.428167819976807, 12.38552474975586, 5.0896735191345215, 7.953924179077148, 14.269964218139648, 6.659755706787109, 3.903320074081421, 4.124007701873779, 15.96191120147705, 1.674401879310608, 12.53399658203125, 5.2585577964782715, 1.9928869009017944, 9.05478572845459, 4.2358903884887695, 3.7608389854431152, 6.153295993804932, 2.7569150924682617, 12.622057914733887, 4.91846227645874, 9.80845832824707, 6.612780570983887, 4.502913951873779, 12.920005798339844, 3.564775228500366, 7.602334499359131, 4.739685535430908, 5.896145820617676, 1.0683038234710693, 9.697304725646973, 3.7844440937042236, 14.036060333251953, 1.7445651292800903, 7.492793560028076, 4.998988151550293, 14.628803253173828, 