{"training_parameters": {"LEARNING_RATE": 0.001, "WEIGHT_DECAY": 0, "MILESTONES": [1500, 3000, 8000], "GAMMA": 1, "BOARD_SHAPE": [4, 4], "BATCH_SIZE": 10, "POOL_SIZE": 1000, "TRAINING_STEPS": 5000, "UPDATE_STEPS": [15, 30], "NUM_MOVEMENTS": 1, "NEIGHBORHOOD": "Chebyshev", "DEAD_PERCENTAGE": [0, 25], "TILE_SIZE": 37.5}, "errors": [8.555106163024902, 4.204040050506592, 17.21224594116211, 5.792124271392822, 16.095197677612305, 5.657660961151123, 2.496553421020508, 5.534840106964111, 3.504823684692383, 6.566226959228516, 5.4567131996154785, 7.8182573318481445, 11.083717346191406, 6.77511739730835, 5.401537895202637, 2.0045127868652344, 7.214478492736816, 2.5390372276306152, 2.4431848526000977, 7.313300132751465, 7.3820085525512695, 5.690321922302246, 5.947076320648193, 8.677754402160645, 10.48535442352295, 2.649859666824341, 2.630969762802124, 5.820820331573486, 13.93681526184082, 5.6974945068359375, 4.152522563934326, 6.517819881439209, 5.93535041809082, 6.564541816711426, 2.3591442108154297, 3.435209274291992, 9.522543907165527, 4.3057661056518555, 6.518805027008057, 2.217043399810791, 6.938343048095703, 7.416596412658691, 2.6903560161590576, 3.736748695373535, 5.104519367218018, 4.714638710021973, 15.7931547164917, 8.002071380615234, 3.8973872661590576, 4.656161308288574, 7.537964820861816, 8.424020767211914, 3.921565294265747, 4.690642356872559, 5.965208053588867, 6.982502460479736, 8.872970581054688, 10.702078819274902, 16.453027725219727, 8.271421432495117, 8.216981887817383, 4.383099555969238, 5.555652141571045, 3.1302671432495117, 7.015698432922363, 12.307751655578613, 4.706606864929199, 7.416574954986572, 14.50157356262207, 5.444936752319336, 4.4599690437316895, 2.0387537479400635, 1.2322691679000854, 4.701030731201172, 9.228759765625, 9.943611145019531, 9.880187034606934, 3.715374708175659, 8.741479873657227, 12.873047828674316, 3.9943692684173584, 3.366821050643921, 5.476257801055908, 12.939980506896973, 2.8880767822265625, 4.910080432891846, 6.270737171173096, 2.4008889198303223, 5.765354156494141, 14.046053886413574, 4.177069664001465, 1.998724102973938, 4.873636722564697, 7.0464324951171875, 2.112387180328369, 6.996952056884766, 8.538851737976074, 4.337390899658203, 3.9527323246002197, 15.283181190490723, 7.956415176391602, 4.745941638946533, 4.755013465881348, 3.882446527481079, 6.4970855712890625, 8.347725868225098, 3.56966233253479, 2.919212818145752, 15.434844970703125, 1.8240739107131958, 1.337201476097107, 15.332497596740723, 8.216761589050293, 4.133570194244385, 4.319648265838623, 12.745063781738281, 2.360280752182007, 2.1356611251831055, 2.2811477184295654, 7.609739303588867, 3.870307207107544, 8.976685523986816, 3.2794599533081055, 7.011475086212158, 5.792358875274658, 5.525457382202148, 2.589647054672241, 3.0789575576782227, 13.959399223327637, 1.8027372360229492, 8.83614730834961, 12.279751777648926, 0.8535976409912109, 8.382685661315918, 1.3965150117874146, 7.506033897399902, 3.590588331222534, 5.739758014678955, 8.949051856994629, 13.08643913269043, 4.5240092277526855, 13.254034042358398, 8.00023365020752, 1.8028676509857178, 7.60311222076416, 8.73263931274414, 7.367971897125244, 2.4470067024230957, 2.02036714553833, 6.154872417449951, 9.230013847351074, 7.856107234954834, 1.4115418195724487, 10.437543869018555, 3.988129138946533, 4.270046710968018, 5.717174530029297, 3.4579474925994873, 4.021674633026123, 10.16084098815918, 7.324575901031494, 4.593192100524902, 8.074054718017578, 3.708575963973999, 3.178943634033203, 2.127439022064209, 2.5708227157592773, 11.219135284423828, 5.073375225067139, 7.106334209442139, 4.640621185302734, 16.051315307617188, 12.396665573120117, 7.6175055503845215, 6.937419414520264, 18.782121658325195, 12.70473575592041, 16.576221466064453, 5.001503944396973, 12.335905075073242, 14.901350975036621, 2.6440823078155518, 4.641144275665283, 5.22194766998291, 4.113850116729736, 4.040240287780762, 7.940336227416992, 8.223669052124023, 8.612515449523926, 0.7038185596466064, 5.684993743896484, 11.731757164001465, 12.416610717773438, 10.052406311035156, 1.9195536375045776, 5.2269086837768555, 6.738345146179199, 1.8070112466812134, 2.8656809329986572, 7.44266939163208, 2.6787211894989014, 4.059732913970947, 2.2758543491363525, 5.799070358276367, 11.095030784606934, 7.0085954666137695, 11.353730201721191, 2.012723684310913, 9.598926544189453, 4.699403285980225, 10.033483505249023, 8.612491607666016, 2.276721239089966, 1.4370380640029907, 3.7936594486236572, 1.4719475507736206, 8.177848815917969, 2.1818718910217285, 2.666217088699341, 7.5668158531188965, 6.15897274017334, 4.487788200378418, 2.5620861053466797, 3.2770893573760986, 4.457235813140869, 6.43752384185791, 7.938689231872559, 1.875502586364746, 9.16991138458252, 4.41157865524292, 9.765260696411133, 4.157542705535889, 4.186185359954834, 3.212862253189087, 5.777642726898193, 1.153254508972168, 8.05718994140625, 7.500292778015137, 5.3176422119140625, 6.126064777374268, 13.76138973236084, 6.704200744628906, 8.356030464172363, 7.473770618438721, 2.2550206184387207, 0.9193295240402222, 5.050581932067871, 14.740815162658691, 9.68602466583252, 1.0939550399780273, 8.145221710205078, 2.999032735824585, 11.634775161743164, 2.4436581134796143, 7.288678169250488, 2.108386278152466, 2.2436025142669678, 9.638967514038086, 6.477913856506348, 3.5318827629089355, 2.651794195175171, 1.553179383277893, 8.275945663452148, 2.890604019165039, 16.542980194091797, 3.6435770988464355, 3.738330364227295, 2.7345571517944336, 4.298468589782715, 2.973254442214966, 6.182403087615967, 12.286449432373047, 2.5326247215270996, 5.5131306648254395, 1.8673404455184937, 4.528172969818115, 11.252020835876465, 8.220433235168457, 6.1017608642578125, 3.968266725540161, 5.5982346534729, 3.8435099124908447, 0.8780868053436279, 6.989914894104004, 2.464456558227539, 4.614439964294434, 4.31103515625, 7.199717044830322, 6.117987155914307, 1.9717377424240112, 8.41247844696045, 6.6564812660217285, 3.8255581855773926, 3.6828370094299316, 7.570483684539795, 1.6537615060806274, 12.93127155303955, 7.619128704071045, 12.387853622436523, 6.752300262451172, 0.759160041809082, 6.959752559661865, 8.24478530883789, 7.7086663246154785, 8.731695175170898, 1.589900255203247, 12.035201072692871, 7.522513389587402, 5.655637264251709, 11.29789924621582, 9.807254791259766, 11.663498878479004, 8.629091262817383, 16.095434188842773, 9.29153060913086, 3.4034931659698486, 6.759235858917236, 8.912666320800781, 3.6392831802368164, 4.960320949554443, 3.735173463821411, 5.63716983795166, 7.387486934661865, 17.518165588378906, 18.305789947509766, 6.219673156738281, 1.1423414945602417, 4.580636978149414, 3.613781452178955, 6.227163791656494, 13.344552993774414, 8.456480979919434, 4.381227970123291, 4.471512317657471, 6.796209812164307, 2.64622163772583, 10.373270034790039, 0.9045802354812622, 5.580048084259033, 4.52862548828125, 1.8581569194793701, 5.918818473815918, 2.6118528842926025, 10.453039169311523, 5.151803970336914, 6.465713024139404, 3.074720859527588, 7.7368083000183105, 4.3090596199035645, 4.014278411865234, 4.223776340484619, 11.571442604064941, 12.248313903808594, 3.880080461502075, 4.042791843414307, 17.0949649810791, 2.588620185852051, 7.322103023529053, 9.004769325256348, 0.8977997303009033, 5.1911091804504395, 4.666105270385742, 3.282132625579834, 4.485537052154541, 4.34578800201416, 8.891703605651855, 1.480133295059204, 7.096596717834473, 6.0763349533081055, 5.406085968017578, 6.166472911834717, 8.45720386505127, 4.840023517608643, 8.218012809753418, 17.164758682250977, 2.3683276176452637, 3.4696884155273438, 4.4720282554626465, 5.70240592956543, 9.882680892944336, 13.908098220825195, 8.491218566894531, 3.279507875442505, 3.1338300704956055, 4.84982442855835, 5.027065753936768, 5.654149055480957, 10.702237129211426, 5.675361633300781, 3.106750011444092, 2.9743714332580566, 5.2332258224487305, 1.7001643180847168, 8.60551643371582, 7.501841068267822, 9.124943733215332, 4.2120232582092285, 7.154176712036133, 