{"training_parameters": {"LEARNING_RATE": 0.001, "WEIGHT_DECAY": 0, "MILESTONES": [1500, 3000, 8000], "GAMMA": 1, "BOARD_SHAPE": [4, 4], "BATCH_SIZE": 10, "POOL_SIZE": 1000, "TRAINING_STEPS": 5000, "UPDATE_STEPS": [15, 30], "NUM_MOVEMENTS": 1, "NEIGHBORHOOD": "Chebyshev", "DEAD_PERCENTAGE": [0, 25], "TILE_SIZE": 37.5}, "errors": [1.7701752185821533, 2.1791794300079346, 8.92590045928955, 8.872644424438477, 10.805537223815918, 9.290571212768555, 5.039362907409668, 3.4047434329986572, 7.442195892333984, 13.254704475402832, 7.847576141357422, 13.39945125579834, 5.627439975738525, 2.3593592643737793, 15.931525230407715, 3.224454879760742, 6.246092319488525, 1.6802659034729004, 4.668040752410889, 4.71039342880249, 0.5254752039909363, 5.939333438873291, 16.567960739135742, 10.195682525634766, 11.483783721923828, 8.148561477661133, 6.733651638031006, 3.5412492752075195, 13.135437965393066, 7.454849720001221, 0.9773547053337097, 5.906137466430664, 3.0713424682617188, 3.6268205642700195, 14.723977088928223, 2.086913824081421, 1.0410597324371338, 5.829559803009033, 3.6646533012390137, 4.606987953186035, 3.731614828109741, 2.053574562072754, 0.8992573618888855, 4.934313774108887, 15.286202430725098, 2.0803024768829346, 0.9627507925033569, 8.166943550109863, 2.0299816131591797, 6.344494819641113, 6.600619792938232, 6.052060127258301, 1.8597384691238403, 11.273480415344238, 0.6488432288169861, 8.28494644165039, 7.819322109222412, 6.410914421081543, 2.350273609161377, 12.81758975982666, 11.918113708496094, 2.3253164291381836, 8.311921119689941, 11.37222671508789, 3.865610122680664, 4.020287990570068, 2.8435492515563965, 4.886142730712891, 5.618078231811523, 4.334125995635986, 0.9677740335464478, 5.545722961425781, 1.973755955696106, 8.53938102722168, 8.048396110534668, 6.615782737731934, 11.534728050231934, 12.492349624633789, 1.587256908416748, 5.226931571960449, 5.752207279205322, 4.811619281768799, 7.807618618011475, 1.881638765335083, 2.928333282470703, 6.59157133102417, 0.38805127143859863, 6.203726291656494, 2.7564234733581543, 1.2621403932571411, 7.347640037536621, 5.087144374847412, 11.306419372558594, 5.812551021575928, 5.04037618637085, 4.9104228019714355, 1.3860397338867188, 8.640657424926758, 3.7915749549865723, 10.772571563720703, 4.374330520629883, 5.651094436645508, 7.751729488372803, 2.8627207279205322, 7.152927875518799, 13.072851181030273, 6.88136625289917, 7.432483196258545, 2.209867238998413, 2.894219160079956, 1.9536007642745972, 9.322349548339844, 9.887003898620605, 2.2346906661987305, 2.61226749420166, 7.697746276855469, 12.760920524597168, 4.7785868644714355, 7.620287895202637, 8.829108238220215, 4.6321797370910645, 1.0576410293579102, 11.12446117401123, 11.10881519317627, 9.983448028564453, 3.855801820755005, 3.992793560028076, 6.85420036315918, 4.603596210479736, 9.318465232849121, 12.081007957458496, 7.261538028717041, 5.568762302398682, 4.5554680824279785, 7.641946792602539, 4.434048652648926, 6.833470821380615, 4.118200778961182, 1.7072405815124512, 5.37526798248291, 10.89356517791748, 5.216022491455078, 0.9057197570800781, 12.783164978027344, 6.015342712402344, 7.108652591705322, 4.070868015289307, 2.749237537384033, 0.6751077175140381, 4.453166961669922, 2.7563884258270264, 5.600787162780762, 4.46674919128418, 3.6899590492248535, 8.31397819519043, 4.20461368560791, 4.665286540985107, 9.39712905883789, 1.3553404808044434, 3.0243122577667236, 0.6572155356407166, 6.103266716003418, 18.578868865966797, 4.205928802490234, 0.8620343804359436, 6.005338191986084, 7.0308146476745605, 5.731717586517334, 1.1260159015655518, 5.06040096282959, 9.609947204589844, 7.3089752197265625, 6.155240535736084, 2.8623874187469482, 3.604203462600708, 6.076403617858887, 9.02534008026123, 3.6979126930236816, 10.121722221374512, 3.9072937965393066, 8.797155380249023, 6.65744686126709, 3.4214704036712646, 1.7225496768951416, 2.589334487915039, 4.631555080413818, 5.524068355560303, 5.428492546081543, 3.193024158477783, 2.916855573654175, 7.295842170715332, 13.626431465148926, 4.7297444343566895, 6.695553302764893, 10.569494247436523, 6.358053207397461, 5.055948257446289, 14.210119247436523, 2.7664101123809814, 4.918532848358154, 7.556608200073242, 4.184189796447754, 5.44411563873291, 3.829679012298584, 9.640678405761719, 10.88906192779541, 9.303011894226074, 6.7710347175598145, 3.950822591781616, 15.463202476501465, 8.85757064819336, 1.9694695472717285, 4.472622871398926, 2.6586790084838867, 2.3839101791381836, 6.527945041656494, 9.021110534667969, 10.074950218200684, 7.581610679626465, 11.935066223144531, 8.74416732788086, 7.9174065589904785, 3.969681978225708, 1.816458821296692, 11.799019813537598, 4.955564498901367, 4.685111045837402, 6.0214409828186035, 3.0528314113616943, 1.3712409734725952, 2.241450071334839, 13.994974136352539, 5.921911239624023, 4.522746562957764, 10.116426467895508, 2.649104118347168, 3.116060733795166, 0.9813215136528015, 7.016571521759033, 7.872577667236328, 5.7767767906188965, 0.21256738901138306, 4.343008995056152, 1.7862001657485962, 4.871011734008789, 1.3770304918289185, 2.0046069622039795, 12.459871292114258, 3.1170055866241455, 3.426679849624634, 3.276496648788452, 7.729064464569092, 2.9101555347442627, 6.3289103507995605, 9.337743759155273, 2.4002084732055664, 10.12889289855957, 4.191728115081787, 2.8167035579681396, 9.126077651977539, 11.584112167358398, 7.615711688995361, 7.648867607116699, 8.19536304473877, 2.403491258621216, 8.077290534973145, 1.1948386430740356, 4.114749908447266, 3.692436456680298, 5.208873271942139, 7.428980827331543, 3.8432066440582275, 0.9905486702919006, 20.26066017150879, 3.9522485733032227, 3.4817965030670166, 6.746152400970459, 19.250608444213867, 7.004452705383301, 4.455925941467285, 4.942343711853027, 6.560122013092041, 7.586700439453125, 5.270874500274658, 16.25306510925293, 3.46858811378479, 8.647737503051758, 11.065847396850586, 5.715986251831055, 11.574671745300293, 5.289274215698242, 4.571374416351318, 4.413842678070068, 9.289335250854492, 8.36838150024414, 9.629522323608398, 2.391861915588379, 4.143248558044434, 4.416372299194336, 1.0884532928466797, 1.621325135231018, 4.657836437225342, 5.746865272521973, 10.61729907989502, 6.2126641273498535, 6.8457183837890625, 0.9110327363014221, 4.842158794403076, 1.3506590127944946, 13.042016983032227, 4.198521614074707, 2.1289401054382324, 2.7951111793518066, 0.9542839527130127, 2.5457992553710938, 2.6443369388580322, 7.591969966888428, 2.7157692909240723, 10.81282901763916, 7.735869407653809, 4.51070499420166, 6.678684711456299, 10.616737365722656, 13.317730903625488, 10.830424308776855, 5.2851033210754395, 2.981210708618164, 6.746789455413818, 4.438578128814697, 1.630537986755371, 7.467967510223389, 5.652073860168457, 4.926921844482422, 4.806125640869141, 7.799129009246826, 6.988709926605225, 3.4120123386383057, 5.413284778594971, 2.502382755279541, 6.114243984222412, 14.208980560302734, 2.8787622451782227, 4.577423095703125, 5.221240043640137, 5.049320220947266, 2.5281364917755127, 6.966497421264648, 15.792586326599121, 3.6618716716766357, 5.441335201263428, 7.313171863555908, 17.280559539794922, 10.984965324401855, 12.565275192260742, 2.51391863822937, 10.88461685180664, 3.575993776321411, 8.273638725280762, 5.455014228820801, 3.4030120372772217, 14.053933143615723, 1.5786665678024292, 2.9627652168273926, 12.847826957702637, 6.30000638961792, 3.4317381381988525, 9.683915138244629, 4.465439796447754, 12.367908477783203, 1.4298462867736816, 2.937556743621826, 5.254369735717773, 1.7223732471466064, 11.221916198730469, 9.818238258361816, 5.890672206878662, 3.8675689697265625, 11.50158405303955, 9.196619033813477, 6.342798233032227, 2.475590705871582, 2.018375873565674, 4.274633884429932, 22.062908172607422, 2.88590669631958, 4.961236953735352, 7.346258163452148, 1.6837154626846313, 6.139082908630371, 0.87872713804245, 4.343586444854736, 4.606462478637695, 5.716689109802246, 1.2129398584365845, 9.823955535888672, 6.3034796714782715, 4.341953754425049,