{"training_parameters": {"LEARNING_RATE": 0.001, "WEIGHT_DECAY": 0, "MILESTONES": [1500, 3000, 8000], "GAMMA": 1, "BOARD_SHAPE": [4, 4], "BATCH_SIZE": 10, "POOL_SIZE": 1000, "TRAINING_STEPS": 5000, "UPDATE_STEPS": [15, 30], "NUM_MOVEMENTS": 1, "NEIGHBORHOOD": "Chebyshev", "DEAD_PERCENTAGE": [0, 25], "TILE_SIZE": 37.5}, "errors": [2.6685824394226074, 2.2328569889068604, 5.367906093597412, 6.116415023803711, 1.2828185558319092, 4.618129253387451, 5.898390769958496, 9.931798934936523, 6.499668121337891, 13.675704002380371, 5.457309246063232, 8.004417419433594, 10.137894630432129, 9.076497077941895, 6.6003265380859375, 9.568914413452148, 12.553009986877441, 6.319720268249512, 8.39972972869873, 13.640707015991211, 0.5682188868522644, 6.924123287200928, 19.117876052856445, 11.71328067779541, 4.726776599884033, 10.276618957519531, 4.44676399230957, 13.79567813873291, 12.077528953552246, 5.194438934326172, 7.4542694091796875, 7.830467700958252, 9.826827049255371, 12.675347328186035, 3.422156810760498, 1.6464344263076782, 7.9229865074157715, 5.1637349128723145, 6.493015289306641, 6.209560871124268, 9.351603507995605, 2.604255437850952, 4.439246654510498, 3.730058431625366, 5.692741394042969, 6.0681281089782715, 1.1719763278961182, 4.6291961669921875, 9.812131881713867, 5.314051151275635, 5.955241680145264, 12.168767929077148, 11.82320499420166, 4.803744792938232, 15.751855850219727, 3.6752572059631348, 3.0614304542541504, 3.024911880493164, 11.484997749328613, 7.244528770446777, 2.716334342956543, 0.7131122350692749, 12.581141471862793, 11.35130786895752, 7.648756504058838, 18.41391944885254, 6.218145370483398, 17.1783390045166, 12.64081859588623, 5.569143772125244, 4.572309970855713, 10.144275665283203, 6.722533226013184, 3.6009671688079834, 5.5599284172058105, 4.489400386810303, 6.521574974060059, 4.28401517868042, 9.693543434143066, 8.296527862548828, 11.110352516174316, 9.970541000366211, 6.238326549530029, 5.990133285522461, 10.840400695800781, 6.079166889190674, 3.059500217437744, 10.958200454711914, 4.685730934143066, 15.656415939331055, 5.600886344909668, 11.86074161529541, 9.074524879455566, 6.027688503265381, 2.8757553100585938, 8.392229080200195, 15.523283958435059, 11.140498161315918, 5.874402046203613, 6.207592964172363, 6.105219841003418, 19.304622650146484, 5.527839660644531, 6.0882568359375, 3.1185693740844727, 8.02786636352539, 6.36189603805542, 5.7338714599609375, 11.40760612487793, 3.6617960929870605, 5.114223003387451, 10.421550750732422, 3.4510388374328613, 8.32720947265625, 3.4491238594055176, 11.104208946228027, 6.418154716491699, 5.5684075355529785, 7.572887420654297, 3.4070465564727783, 7.577297210693359, 7.647893905639648, 8.578118324279785, 8.109989166259766, 7.126678466796875, 5.298792839050293, 7.002450466156006, 8.080796241760254, 4.249255657196045, 6.920508861541748, 5.839865207672119, 4.824524879455566, 2.9241321086883545, 1.9592293500900269, 5.82113790512085, 4.406976222991943, 7.894460201263428, 8.90818977355957, 6.348836898803711, 5.6240363121032715, 5.538769245147705, 2.186551570892334, 5.738338470458984, 6.754887104034424, 7.296489238739014, 11.429143905639648, 6.584969997406006, 6.069718837738037, 16.094743728637695, 5.8065338134765625, 16.953123092651367, 6.499199390411377, 8.487726211547852, 4.943675518035889, 2.873830556869507, 11.788213729858398, 3.8928699493408203, 9.967825889587402, 14.22697925567627, 5.937950134277344, 6.060966491699219, 4.121046543121338, 8.929177284240723, 8.00092601776123, 2.765758514404297, 8.974137306213379, 8.581056594848633, 3.629676103591919, 2.0591466426849365, 3.7240958213806152, 3.7027058601379395, 4.760464191436768, 7.98781156539917, 0.10869523882865906, 4.66349458694458, 7.46319580078125, 8.100799560546875, 10.263504981994629, 3.7457611560821533, 5.1809563636779785, 5.503580570220947, 6.856734275817871, 10.445212364196777, 7.243557453155518, 1.1456093788146973, 7.634663105010986, 3.1463451385498047, 7.275930881500244, 12.948171615600586, 6.637720584869385, 10.249077796936035, 10.961761474609375, 6.110964298248291, 10.44653606414795, 5.407033443450928, 6.709415435791016, 8.919683456420898, 8.704767227172852, 18.600183486938477, 0.7376332879066467, 3.3329222202301025, 4.380154132843018, 1.8305892944335938, 1.5737062692642212, 10.896798133850098, 5.671449184417725, 15.28868293762207, 7.1938934326171875, 7.057607173919678, 4.777573108673096, 2.2360496520996094, 8.62434196472168, 4.605624198913574, 3.427208423614502, 8.143630027770996, 18.194141387939453, 3.549091100692749, 3.4042680263519287, 6.178368091583252, 8.242403984069824, 4.317922592163086, 4.969744682312012, 7.014142990112305, 6.840791702270508, 6.3385138511657715, 3.4056973457336426, 12.433664321899414, 5.856379985809326, 3.230468988418579, 2.946136474609375, 2.5081396102905273, 3.5476510524749756, 6.961543560028076, 13.492237091064453, 6.724151134490967, 3.9643259048461914, 5.942897319793701, 9.460332870483398, 5.2071852684021, 2.8332135677337646, 3.5296318531036377, 8.666990280151367, 1.2929928302764893, 8.880143165588379, 20.40167808532715, 6.786334037780762, 5.296091556549072, 7.2154221534729, 4.715198516845703, 8.557177543640137, 11.542808532714844, 13.559941291809082, 8.898268699645996, 11.765925407409668, 12.58569049835205, 5.308683395385742, 7.778458118438721, 5.985785007476807, 3.229766368865967, 6.842196941375732, 4.200384616851807, 7.5806884765625, 5.782514572143555, 9.398736000061035, 6.150951385498047, 1.9090758562088013, 5.058693885803223, 4.4109320640563965, 6.045027732849121, 6.812653541564941, 8.393501281738281, 1.488688349723816, 8.39644718170166, 13.500619888305664, 5.128643989562988, 4.088310241699219, 3.2879819869995117, 8.412792205810547, 5.1802897453308105, 3.0384039878845215, 4.036759853363037, 3.0666587352752686, 9.314665794372559, 13.358536720275879, 6.145177841186523, 10.186492919921875, 3.7441489696502686, 9.010015487670898, 2.3902876377105713, 11.79313850402832, 13.481587409973145, 2.708164930343628, 5.521267890930176, 5.142488479614258, 8.573979377746582, 1.0059900283813477, 10.311984062194824, 3.9951717853546143, 6.761938095092773, 4.083498954772949, 2.2057249546051025, 5.451128959655762, 4.0759711265563965, 3.0450267791748047, 17.568777084350586, 5.810547351837158, 7.995572566986084, 10.103826522827148, 3.328274965286255, 12.168776512145996, 8.085892677307129, 7.6103410720825195, 11.86379623413086, 6.555606842041016, 8.755624771118164, 3.4918935298919678, 6.368103504180908, 2.2522757053375244, 7.010991096496582, 15.02652359008789, 11.577112197875977, 5.72384786605835, 25.37119483947754, 7.300928592681885, 4.794570446014404, 18.186595916748047, 4.206242084503174, 4.553534984588623, 17.649805068969727, 5.227078914642334, 2.895272970199585, 4.310098648071289, 10.428128242492676, 6.413711071014404, 3.041560411453247, 5.416013717651367, 6.314121246337891, 6.400862216949463, 3.017880916595459, 3.6540677547454834, 7.700987339019775, 8.415419578552246, 5.062357425689697, 8.550182342529297, 1.451902151107788, 4.476382255554199, 12.257864952087402, 3.9251818656921387, 9.849733352661133, 10.947648048400879, 5.643840789794922, 3.058499813079834, 4.459194183349609, 9.608675956726074, 5.830410957336426, 5.923355579376221, 4.626974105834961, 6.250682830810547, 2.4543960094451904, 10.236891746520996, 4.637650489807129, 8.105109214782715, 0.7524209022521973, 2.1913161277770996, 6.26982307434082, 3.538625717163086, 6.083446502685547, 6.508599281311035, 12.064642906188965, 4.2300639152526855, 14.770476341247559, 8.693618774414062, 8.87452220916748, 4.712498664855957, 3.241626262664795, 4.0425310134887695, 2.6678225994110107, 2.3883519172668457, 11.065742492675781, 7.312383651733398, 6.3308820724487305, 1.3372085094451904, 7.184195041656494, 13.147686958312988, 6.330350399017334, 2.2810966968536377, 12.59485149383545, 10.870721817016602, 3.6811037063598633, 4.933908462524414, 10.680152893066406, 7.929389476776123, 9.469253540039062, 3.58984112739563, 4.764411926269531, 2.0314910411834717, 7.081985950469971, 