{"training_parameters": {"LEARNING_RATE": 0.001, "WEIGHT_DECAY": 0, "MILESTONES": [1500, 3000, 8000], "GAMMA": 1, "BOARD_SHAPE": [4, 4], "BATCH_SIZE": 10, "POOL_SIZE": 1000, "TRAINING_STEPS": 5000, "UPDATE_STEPS": [15, 30], "NUM_MOVEMENTS": 1, "NEIGHBORHOOD": "Chebyshev", "DEAD_PERCENTAGE": [0, 25], "TILE_SIZE": 37.5}, "errors": [37.7767219543457, 63.902610778808594, 58.10002899169922, 19.064315795898438, 18.13880729675293, 27.79762840270996, 19.13788604736328, 34.56727600097656, 14.979121208190918, 7.063770771026611, 33.70813751220703, 18.552581787109375, 33.78871536254883, 76.81842041015625, 9.808218955993652, 38.0733528137207, 36.301300048828125, 23.99842643737793, 65.474365234375, 22.80811309814453, 21.56257438659668, 59.019168853759766, 22.114501953125, 40.400333404541016, 59.2573127746582, 3.2646443843841553, 16.16472816467285, 21.53318214416504, 59.81867218017578, 65.27696228027344, 31.417943954467773, 30.039228439331055, 10.267074584960938, 76.84756469726562, 23.57884407043457, 6.250912189483643, 28.83943748474121, 34.66889572143555, 2.025338888168335, 13.822925567626953, 53.74805450439453, 47.08143997192383, 24.34079933166504, 68.62612915039062, 43.7388801574707, 6.260375499725342, 50.84729766845703, 53.89737319946289, 38.577362060546875, 13.82740306854248, 69.2475357055664, 18.88021469116211, 16.572500228881836, 50.3770751953125, 16.70905113220215, 31.785722732543945, 70.2510986328125, 4.3910603523254395, 69.93326568603516, 17.605117797851562, 9.944883346557617, 32.78935623168945, 40.40863037109375, 47.609893798828125, 45.56580352783203, 49.53976058959961, 24.1623477935791, 3.393481969833374, 52.7393798828125, 29.25516700744629, 40.07085037231445, 24.27144432067871, 49.54212188720703, 42.797637939453125, 39.12521743774414, 51.42525863647461, 31.6541805267334, 9.629621505737305, 16.637775421142578, 83.05155944824219, 13.572975158691406, 30.568422317504883, 19.073694229125977, 19.91498374938965, 42.156742095947266, 17.89227867126465, 21.528181076049805, 10.013590812683105, 61.34828186035156, 14.802583694458008, 34.63992691040039, 10.730701446533203, 50.82598114013672, 4.270297527313232, 58.67369842529297, 65.5299301147461, 32.43948745727539, 78.28208923339844, 69.0895767211914, 20.74541664123535, 11.879500389099121, 6.760365962982178, 66.89940643310547, 69.35419464111328, 77.84749603271484, 35.73577880859375, 44.73525619506836, 62.650917053222656, 38.5053596496582, 37.066280364990234, 10.421637535095215, 31.659391403198242, 22.149282455444336, 38.39375686645508, 67.18022155761719, 18.53598976135254, 68.09339141845703, 53.64588928222656, 64.98042297363281, 6.739431858062744, 29.041833877563477, 59.48870086669922, 45.29336166381836, 18.420223236083984, 63.5600471496582, 14.238707542419434, 70.87188720703125, 58.32190704345703, 31.417943954467773, 11.400629043579102, 12.0955171585083, 41.11893844604492, 15.489215850830078, 10.032174110412598, 17.797658920288086, 4.6824235916137695, 39.094573974609375, 29.743793487548828, 44.217350006103516, 22.3284912109375, 51.68072509765625, 64.66281127929688, 65.86712646484375, 6.542459011077881, 11.776264190673828, 44.28653335571289, 5.36489200592041, 19.842426300048828, 71.3453598022461, 72.7160873413086, 19.32147979736328, 12.572805404663086, 7.58945894241333, 26.721996307373047, 32.85457229614258, 55.502662658691406, 53.15596008300781, 73.00247192382812, 36.90458297729492, 30.605337142944336, 33.6754035949707, 20.17518424987793, 40.3389892578125, 35.55754089355469, 7.863237380981445, 2.5856711864471436, 41.0086555480957, 16.59374237060547, 32.46952819824219, 43.40653610229492, 33.25899887084961, 75.15253448486328, 62.915653228759766, 62.411277770996094, 7.066396713256836, 10.393407821655273, 13.836698532104492, 42.39643478393555, 66.33125305175781, 30.924026489257812, 21.33627700805664, 57.69554901123047, 33.649322509765625, 24.062528610229492, 20.99995994567871, 61.9007568359375, 31.75475311279297, 23.800792694091797, 82.41413116455078, 30.77430534362793, 38.15761184692383, 32.53719711303711, 66.8114013671875, 12.084980010986328, 64.48623657226562, 76.91925048828125, 8.670342445373535, 28.65682601928711, 43.07585525512695, 21.073261260986328, 46.948486328125, 18.20345115661621, 30.75065040588379, 18.365129470825195, 16.52387237548828, 29.591922760009766, 13.130764961242676, 68.03047943115234, 65.53057098388672, 64.8038101196289, 20.024301528930664, 7.727772235870361, 78.6321029663086, 63.3176383972168, 40.823184967041016, 15.845283508300781, 12.26612663269043, 4.428610801696777, 18.778064727783203, 38.654781341552734, 20.085079193115234, 12.038904190063477, 9.971549034118652, 24.9033260345459, 61.35912322998047, 54.6993408203125, 26.61685562133789, 41.10089874267578, 29.32440185546875, 13.739272117614746, 6.8232574462890625, 34.26909637451172, 57.95105743408203, 10.195627212524414, 4.428610801696777, 43.736244201660156, 61.26891326904297, 70.32237243652344, 26.503446578979492, 20.504955291748047, 38.901790618896484, 1.2655996084213257, 61.59864044189453, 69.67143249511719, 61.095237731933594, 3.017411708831787, 5.9328083992004395, 13.794480323791504, 62.09564971923828, 46.71749496459961, 20.645709991455078, 53.77959442138672, 40.13374328613281, 50.30792236328125, 6.686523914337158, 38.30931091308594, 31.700176239013672, 16.34612464904785, 15.668479919433594, 35.1772575378418, 19.6176815032959, 2.6323118209838867, 27.697996139526367, 59.006683349609375, 77.46595764160156, 13.173397064208984, 31.768178939819336, 66.00836944580078, 79.86231231689453, 59.37434768676758, 1.710493803024292, 3.649308204650879, 78.39826965332031, 14.89054012298584, 34.940101623535156, 27.755109786987305, 3.928650140762329, 27.404613494873047, 21.41564178466797, 68.05184936523438, 5.813344478607178, 69.63978576660156, 77.5324935913086, 3.164642572402954, 54.019412994384766, 41.853172302246094, 9.262935638427734, 76.03204345703125, 38.34635925292969, 29.652408599853516, 5.124505519866943, 80.95516204833984, 56.622093200683594, 38.570030212402344, 15.60381031036377, 68.15821075439453, 24.718490600585938, 4.217798233032227, 64.66281127929688, 14.681548118591309, 36.81040573120117, 34.6280517578125, 12.449182510375977, 35.464927673339844, 58.261932373046875, 61.55192184448242, 47.03187942504883, 15.976268768310547, 45.37387466430664, 7.0930938720703125, 22.140247344970703, 5.594226837158203, 16.869190216064453, 65.59786987304688, 4.270432472229004, 79.56079864501953, 59.055519104003906, 36.987876892089844, 23.445981979370117, 31.77412986755371, 37.38702392578125, 12.661148071289062, 40.23743438720703, 53.386253356933594, 3.590345621109009, 19.84512710571289, 62.217315673828125, 4.374068260192871, 62.50369644165039, 13.95866584777832, 25.164993286132812, 0.974867045879364, 50.297393798828125, 16.875198364257812, 28.07534408569336, 49.74971008300781, 22.083602905273438, 19.783002853393555, 20.847871780395508, 51.684688568115234, 77.0356674194336, 2.785501480102539, 11.618022918701172, 46.92395782470703, 52.970237731933594, 87.73329162597656, 33.37432098388672, 3.0309436321258545, 15.364656448364258, 10.775607109069824, 58.58790588378906, 5.593112468719482, 18.69843864440918, 7.7285919189453125, 49.3455924987793, 59.84724426269531, 72.78300476074219, 73.40817260742188, 9.403749465942383, 23.017818450927734, 66.00233459472656, 73.42300415039062, 13.685787200927734, 10.8493070602417, 64.62967681884766, 9.381884574890137, 18.716556549072266, 56.79579162597656, 31.830495834350586, 22.882125854492188, 13.84800910949707, 37.74789810180664, 70.26667785644531, 12.58120059967041, 38.24856948852539, 9.369939804077148, 35.94430160522461, 13.26612377166748, 64.13521575927734, 80.89027404785156, 66.67765808105469, 57.66176223754883, 54.20465850830078, 14.049010276794434, 50.83829116821289, 43.017295837402344, 20.80294418334961, 50.68621826171875, 29.147605895996094, 9.48897647857666, 54.76336669921875, 0.6964042782783508, 29.546003341674805, 10.13239860534668, 62.48724365234375, 16.58775520324707, 63.73642349243164, 69.9408950805664, 