{"training_parameters": {"LEARNING_RATE": 0.001, "WEIGHT_DECAY": 0, "MILESTONES": [1500, 3000, 8000], "GAMMA": 1, "BOARD_SHAPE": [4, 4], "BATCH_SIZE": 10, "POOL_SIZE": 1000, "TRAINING_STEPS": 5000, "UPDATE_STEPS": [15, 30], "NUM_MOVEMENTS": 1, "NEIGHBORHOOD": "Chebyshev", "DEAD_PERCENTAGE": [0, 25], "TILE_SIZE": 37.5}, "errors": [3.037382125854492, 4.604230880737305, 11.522618293762207, 2.9340739250183105, 8.693994522094727, 4.548226833343506, 10.577681541442871, 1.918901801109314, 0.010769217275083065, 4.942483425140381, 5.8115434646606445, 3.2561533451080322, 3.08427357673645, 5.3593525886535645, 5.983055114746094, 5.885932445526123, 10.28895378112793, 3.8857808113098145, 3.6895623207092285, 3.1996631622314453, 1.713453769683838, 9.986347198486328, 13.113797187805176, 2.0066123008728027, 11.71972942352295, 9.952207565307617, 0.6235533952713013, 6.32737398147583, 1.379866361618042, 8.217220306396484, 5.599849700927734, 3.9110631942749023, 3.841421127319336, 10.032692909240723, 0.4999234080314636, 2.941734552383423, 8.907505989074707, 9.931381225585938, 2.167109966278076, 0.534462034702301, 7.440828323364258, 6.1737446784973145, 15.95401668548584, 2.7186379432678223, 16.378976821899414, 8.705436706542969, 1.5692414045333862, 8.997319221496582, 5.2814741134643555, 7.810003280639648, 1.1287494897842407, 3.6931092739105225, 3.022881031036377, 4.917974948883057, 5.484799385070801, 3.5294554233551025, 2.694645404815674, 7.210019111633301, 4.62018346786499, 4.060783863067627, 5.363054275512695, 3.1931893825531006, 8.827132225036621, 1.114386796951294, 9.609320640563965, 5.5293097496032715, 10.734820365905762, 7.440980434417725, 2.7906906604766846, 3.9212164878845215, 4.989520072937012, 4.11909818649292, 14.322595596313477, 8.68992805480957, 3.8686625957489014, 7.664096355438232, 8.19372272491455, 0.876471221446991, 14.494865417480469, 2.621087074279785, 2.537123680114746, 17.929758071899414, 6.950272083282471, 4.568781852722168, 8.886813163757324, 2.6174252033233643, 2.4276113510131836, 6.244246959686279, 5.032148838043213, 8.494709014892578, 4.9905524253845215, 1.4541996717453003, 4.38284158706665, 4.405404567718506, 4.769233226776123, 5.983885288238525, 3.6819396018981934, 4.938420295715332, 5.348525047302246, 7.183744430541992, 5.939958095550537, 4.588169574737549, 1.2912724018096924, 7.826267242431641, 16.591075897216797, 1.1534807682037354, 7.577847957611084, 13.796441078186035, 9.198598861694336, 3.8311989307403564, 8.849364280700684, 3.8713183403015137, 4.10901403427124, 6.060666561126709, 9.57576847076416, 7.71051549911499, 8.113554954528809, 10.353675842285156, 10.910268783569336, 14.011631965637207, 6.843350410461426, 4.047375202178955, 12.018892288208008, 9.041301727294922, 3.430720806121826, 9.759333610534668, 9.124814987182617, 4.944372177124023, 5.600491046905518, 14.902791023254395, 2.9187660217285156, 9.332216262817383, 7.899380683898926, 8.776949882507324, 3.2981741428375244, 3.4332239627838135, 8.566699028015137, 3.1294939517974854, 6.829079627990723, 3.878476858139038, 8.18217945098877, 7.002335071563721, 7.309783458709717, 9.907520294189453, 11.307225227355957, 12.285770416259766, 3.724125385284424, 9.127416610717773, 0.4036148190498352, 4.712786674499512, 5.300964832305908, 5.964510917663574, 12.441247940063477, 10.797835350036621, 0.9496580362319946, 6.618305206298828, 10.751745223999023, 4.913097381591797, 6.485929489135742, 8.225509643554688, 9.168980598449707, 6.342426300048828, 7.0624895095825195, 8.257242202758789, 4.756104469299316, 5.582250118255615, 9.962845802307129, 6.435958385467529, 1.7576367855072021, 5.890449047088623, 11.73710823059082, 7.1871538162231445, 8.387083053588867, 9.216341972351074, 3.6368703842163086, 2.2216837406158447, 3.9384562969207764, 22.242162704467773, 10.69951343536377, 6.931809425354004, 7.67086124420166, 5.515400409698486, 8.47301197052002, 3.6812522411346436, 15.371760368347168, 18.1348819732666, 0.6417375802993774, 4.1668291091918945, 3.1728081703186035, 5.194849491119385, 8.884814262390137, 7.882809162139893, 3.209415912628174, 9.359410285949707, 3.9224627017974854, 6.354634761810303, 16.044143676757812, 3.293797254562378, 14.386063575744629, 10.854849815368652, 1.8665989637374878, 4.371803283691406, 0.44938167929649353, 4.455699920654297, 11.546865463256836, 12.941190719604492, 5.098443031311035, 2.6612722873687744, 8.980649948120117, 6.994009017944336, 2.975612163543701, 3.165069818496704, 4.588949203491211, 3.6657562255859375, 9.82503604888916, 4.58086633682251, 7.664183616638184, 1.569200873374939, 6.424332141876221, 9.643548965454102, 4.605269908905029, 8.141366004943848, 10.432114601135254, 7.262154579162598, 1.2227857112884521, 6.532596588134766, 16.089448928833008, 5.768136501312256, 1.5624195337295532, 8.460359573364258, 13.517932891845703, 7.122127056121826, 5.198300361633301, 7.934895038604736, 2.8773574829101562, 17.459800720214844, 4.380733013153076, 6.092606067657471, 4.732240676879883, 9.942782402038574, 10.870410919189453, 2.7396557331085205, 5.581981658935547, 6.3111252784729, 12.587185859680176, 5.985559463500977, 5.059248924255371, 6.285665988922119, 5.51173734664917, 7.189887046813965, 2.927520275115967, 3.3808536529541016, 1.9754419326782227, 3.4111196994781494, 5.366490840911865, 9.86353874206543, 9.849316596984863, 6.052938461303711, 2.6011996269226074, 4.384252071380615, 11.619437217712402, 3.6335809230804443, 6.830188751220703, 0.8452719449996948, 4.272788047790527, 1.8100290298461914, 9.556209564208984, 9.62378978729248, 6.669785499572754, 13.818509101867676, 4.537031173706055, 3.8530006408691406, 6.991168975830078, 3.6737678050994873, 5.558328628540039, 7.512204647064209, 3.552579879760742, 11.81676959991455, 7.6286468505859375, 15.17409896850586, 3.216123104095459, 1.8431071043014526, 12.468057632446289, 15.259182929992676, 15.44815731048584, 12.29231071472168, 5.095634937286377, 5.01140022277832, 9.111671447753906, 5.441882133483887, 8.312630653381348, 7.049076557159424, 4.563331604003906, 2.651135206222534, 1.5017247200012207, 4.201624870300293, 7.517034530639648, 7.586629867553711, 10.219265937805176, 4.598016738891602, 4.967518329620361, 4.548318862915039, 6.804336071014404, 9.821695327758789, 0.5364152193069458, 8.209000587463379, 13.540355682373047, 6.577195167541504, 5.953371047973633, 10.51972770690918, 6.211075305938721, 16.65978240966797, 4.044509410858154, 6.321650981903076, 6.200650691986084, 5.634949207305908, 20.997764587402344, 7.43516731262207, 3.848736047744751, 6.4698896408081055, 6.880469799041748, 12.061342239379883, 6.824108600616455, 6.346572399139404, 1.2987382411956787, 16.506166458129883, 2.578936815261841, 6.694393634796143, 6.9042158126831055, 5.900413513183594, 6.1114501953125, 15.636497497558594, 4.2652812004089355, 1.6408801078796387, 7.100357532501221, 1.9572200775146484, 4.552238941192627, 11.017706871032715, 5.5242390632629395, 11.052974700927734, 4.283431053161621, 1.2323930263519287, 6.436430931091309, 1.3908336162567139, 9.409420013427734, 14.190719604492188, 8.487419128417969, 7.017826080322266, 2.2250125408172607, 0.947178304195404, 0.7378528118133545, 3.656297445297241, 4.646914005279541, 4.725697040557861, 14.625848770141602, 3.9744040966033936, 2.2823855876922607, 6.023819923400879, 8.353017807006836, 5.838541507720947, 4.375814437866211, 10.65900993347168, 13.00179672241211, 9.076173782348633, 6.588105201721191, 2.904625415802002, 3.229534149169922, 8.33104133605957, 1.907341480255127, 2.5643622875213623, 3.4302377700805664, 3.9112651348114014, 1.7841126918792725, 5.09490442276001, 2.9959287643432617, 5.2781662940979, 3.9987645149230957, 4.843796730041504, 5.352896690368652, 2.2403979301452637, 3.2270710468292236, 6.831484317779541, 6.831657886505127, 5.070503234863281, 6.463715076446533, 4.503105640411377, 6.672849655151367, 4.562991142272949, 15.095190048217773, 12.909577369689941, 3.698413372039795, 3.469027042388916, 3.186286211013794, 5.314101219177246, 12.298398971557617, 6.376303195953369, 5.402156352996826, 