{"training_parameters": {"LEARNING_RATE": 0.001, "WEIGHT_DECAY": 0, "MILESTONES": [1500, 3000, 8000], "GAMMA": 1, "BOARD_SHAPE": [4, 4], "BATCH_SIZE": 10, "POOL_SIZE": 1000, "TRAINING_STEPS": 5000, "UPDATE_STEPS": [15, 30], "NUM_MOVEMENTS": 1, "NEIGHBORHOOD": "Chebyshev", "DEAD_PERCENTAGE": [0, 25], "TILE_SIZE": 37.5}, "errors": [5.90386962890625, 4.651612758636475, 8.699785232543945, 13.719168663024902, 0.4904833436012268, 14.970438957214355, 7.65553092956543, 6.880003929138184, 10.423526763916016, 7.061315059661865, 9.67884635925293, 10.976130485534668, 5.599266052246094, 2.722410202026367, 5.31451416015625, 3.2841243743896484, 12.711700439453125, 7.420012474060059, 7.516448974609375, 4.010995388031006, 8.294116020202637, 2.517531394958496, 3.826287031173706, 7.330417633056641, 2.7050328254699707, 0.7224707007408142, 1.691744327545166, 6.2610859870910645, 7.258398056030273, 10.416169166564941, 3.336310386657715, 5.383932590484619, 4.692815780639648, 7.054708480834961, 0.9881669878959656, 6.278194904327393, 6.7858195304870605, 5.2715535163879395, 3.9459567070007324, 14.07017707824707, 3.179164171218872, 12.7210111618042, 10.783185005187988, 9.908759117126465, 10.262036323547363, 8.015785217285156, 6.422408580780029, 11.4467134475708, 9.940199851989746, 2.8983747959136963, 7.7076592445373535, 2.7786922454833984, 2.6655008792877197, 1.498055338859558, 0.7459789514541626, 5.891515731811523, 0.9488730430603027, 14.560035705566406, 6.0219831466674805, 15.389517784118652, 1.4689840078353882, 3.357750415802002, 14.186446189880371, 3.473994493484497, 4.5876784324646, 10.144225120544434, 6.507564067840576, 10.170180320739746, 6.064471244812012, 2.8813138008117676, 10.060564041137695, 2.7806825637817383, 4.801384925842285, 1.2336046695709229, 4.370143890380859, 6.063343048095703, 3.5445520877838135, 8.404638290405273, 2.046665668487549, 1.1996620893478394, 12.669719696044922, 4.126095294952393, 9.569762229919434, 5.366733551025391, 4.70655632019043, 2.811711311340332, 16.854835510253906, 20.718141555786133, 10.132882118225098, 3.5077052116394043, 5.803470611572266, 1.3877840042114258, 10.476020812988281, 5.808102130889893, 3.2021307945251465, 3.0046322345733643, 6.322675704956055, 1.8090314865112305, 2.100578546524048, 8.665177345275879, 2.29675030708313, 15.646411895751953, 8.151128768920898, 17.26177406311035, 2.035208225250244, 6.307993412017822, 6.1066508293151855, 11.086771965026855, 10.473011016845703, 10.278939247131348, 7.3428544998168945, 4.0930867195129395, 3.816457986831665, 8.807748794555664, 9.091825485229492, 1.9516065120697021, 11.116591453552246, 1.2143172025680542, 4.140560626983643, 4.294427394866943, 2.025078296661377, 3.0531017780303955, 10.976118087768555, 9.905055046081543, 7.740751266479492, 3.506774663925171, 3.052018165588379, 3.5887820720672607, 11.337349891662598, 2.0548360347747803, 9.294378280639648, 5.691361904144287, 2.8266611099243164, 3.365706443786621, 14.879657745361328, 13.959501266479492, 9.416810035705566, 4.19032096862793, 0.7165576219558716, 2.8014535903930664, 10.382711410522461, 10.147053718566895, 17.636497497558594, 10.912238121032715, 3.7330281734466553, 3.3111939430236816, 10.670268058776855, 3.0787858963012695, 18.40276527404785, 9.939769744873047, 4.0034027099609375, 7.207315921783447, 3.7000844478607178, 1.5615922212600708, 10.412339210510254, 26.308462142944336, 8.79010009765625, 2.1375465393066406, 4.15470552444458, 14.3439302444458, 8.115677833557129, 9.893899917602539, 14.198421478271484, 4.090551853179932, 8.722829818725586, 9.56447696685791, 6.696218490600586, 9.288457870483398, 9.64564323425293, 7.4343438148498535, 3.1225156784057617, 2.703129768371582, 5.096040725708008, 1.2703027725219727, 4.086970806121826, 3.330742597579956, 4.2335028648376465, 6.001997947692871, 7.173559665679932, 14.38818359375, 3.8815839290618896, 6.439965724945068, 10.756568908691406, 10.081939697265625, 6.9905853271484375, 4.685209274291992, 10.637628555297852, 6.817890167236328, 11.119691848754883, 8.067200660705566, 7.369333267211914, 9.74178409576416, 10.428096771240234, 2.5896835327148438, 6.127069473266602, 10.528314590454102, 16.07573699951172, 6.164139747619629, 9.0120210647583, 1.3335464000701904, 5.214867115020752, 2.8433308601379395, 9.018383979797363, 11.384899139404297, 8.735496520996094, 14.113444328308105, 5.706728935241699, 13.629827499389648, 5.9112725257873535, 12.824959754943848, 5.75788688659668, 5.763003826141357, 9.385233879089355, 6.539763450622559, 6.664144515991211, 8.114860534667969, 5.8665618896484375, 3.3783979415893555, 10.65813159942627, 2.110626459121704, 6.350622177124023, 3.040961742401123, 6.181645393371582, 2.4580624103546143, 7.101993560791016, 9.674837112426758, 11.141863822937012, 5.970921039581299, 14.700326919555664, 9.440383911132812, 10.483004570007324, 4.4817070960998535, 9.471317291259766, 3.08017897605896, 10.803522109985352, 7.610384464263916, 2.315260887145996, 2.8745713233947754, 5.879648685455322, 9.244887351989746, 9.295225143432617, 5.5422139167785645, 2.5665018558502197, 15.32546615600586, 6.405414581298828, 1.7610700130462646, 2.063491106033325, 11.94839859008789, 4.380104064941406, 2.848261833190918, 4.815056800842285, 8.131489753723145, 10.06212043762207, 1.1919586658477783, 6.273732662200928, 8.041230201721191, 2.9421048164367676, 1.7739723920822144, 7.561347484588623, 8.569188117980957, 7.1301655769348145, 9.298916816711426, 9.661540985107422, 5.551997184753418, 4.2148637771606445, 10.827653884887695, 7.05478048324585, 1.5108699798583984, 6.340234756469727, 12.582759857177734, 13.553712844848633, 4.2219014167785645, 11.964998245239258, 3.843691349029541, 7.273804187774658, 2.188333749771118, 5.810164928436279, 10.468189239501953, 6.872791290283203, 11.416899681091309, 2.5275909900665283, 3.1374104022979736, 14.596451759338379, 9.618350982666016, 6.589137554168701, 15.896893501281738, 8.464692115783691, 4.278681755065918, 5.9425811767578125, 2.4822418689727783, 12.22994613647461, 0.547912061214447, 7.651447772979736, 2.186002016067505, 11.656843185424805, 5.316540718078613, 1.4056203365325928, 6.949920654296875, 6.820474147796631, 10.581542015075684, 7.00554895401001, 5.264648914337158, 4.782018184661865, 5.925488471984863, 14.101018905639648, 7.642691612243652, 3.9997262954711914, 6.648144721984863, 1.0781781673431396, 7.433363437652588, 1.5959243774414062, 6.590615272521973, 6.7798662185668945, 3.6008548736572266, 6.70212459564209, 7.174411773681641, 4.847467422485352, 11.764732360839844, 2.7411603927612305, 7.842767238616943, 5.839373588562012, 19.307598114013672, 10.125089645385742, 6.411625862121582, 10.21934986114502, 6.184613227844238, 4.064512252807617, 2.681284189224243, 9.220229148864746, 6.309368133544922, 8.375529289245605, 2.2816061973571777, 7.7286272048950195, 5.899874210357666, 12.911256790161133, 10.903234481811523, 3.296257972717285, 8.069816589355469, 2.1687164306640625, 11.799625396728516, 4.773840427398682, 10.980775833129883, 10.180665969848633, 9.952796936035156, 8.09912395477295, 5.471744060516357, 6.000435829162598, 23.675670623779297, 7.353830814361572, 5.020235538482666, 5.093730449676514, 2.7449281215667725, 7.320287704467773, 25.75182342529297, 7.414828777313232, 5.863408088684082, 8.709704399108887, 10.09018611907959, 10.14140796661377, 9.75881290435791, 6.905799388885498, 6.009801387786865, 5.410816192626953, 3.7696871757507324, 7.470101833343506, 16.710590362548828, 3.5404646396636963, 6.47031831741333, 7.909901142120361, 5.8201704025268555, 8.771282196044922, 1.6584835052490234, 6.35176420211792, 3.7135565280914307, 1.524415135383606, 5.369586944580078, 2.161916494369507, 0.7644522786140442, 4.745237827301025, 1.6439111232757568, 3.7173757553100586, 7.214162826538086, 11.077593803405762, 5.126822471618652, 4.109912395477295, 3.3160805702209473, 12.60902214050293, 3.3927249908447266, 7.722391128540039, 6.6584792137146, 3.031841516494751, 4.875040531158447, 18.533281326293945, 8.666983604431152, 10.497923851013184, 1.5043498277664185, 