{"training_parameters": {"LEARNING_RATE": 0.001, "WEIGHT_DECAY": 0, "MILESTONES": [1500, 3000, 8000], "GAMMA": 1, "BOARD_SHAPE": [4, 4], "BATCH_SIZE": 10, "POOL_SIZE": 1000, "TRAINING_STEPS": 5000, "UPDATE_STEPS": [15, 30], "NUM_MOVEMENTS": 1, "NEIGHBORHOOD": "Chebyshev", "DEAD_PERCENTAGE": [0, 25], "TILE_SIZE": 37.5}, "errors": [3.7913684844970703, 4.973776340484619, 6.534420490264893, 10.808320999145508, 10.826436996459961, 3.5036816596984863, 2.8947980403900146, 2.8037848472595215, 15.486200332641602, 7.013153076171875, 4.466216564178467, 7.027692794799805, 15.847517967224121, 7.317961692810059, 13.648554801940918, 6.85457706451416, 9.382879257202148, 6.1264262199401855, 0.661385715007782, 4.10034704208374, 10.97166919708252, 5.145003318786621, 4.2689924240112305, 4.733713626861572, 10.524306297302246, 3.253662109375, 3.514470100402832, 6.042532444000244, 1.1396746635437012, 3.507927417755127, 5.953785419464111, 10.308093070983887, 15.387028694152832, 3.0416672229766846, 15.450844764709473, 9.296788215637207, 1.385589838027954, 2.846444845199585, 7.450357437133789, 4.9691267013549805, 1.4753915071487427, 3.6029224395751953, 1.9104256629943848, 4.57125997543335, 17.913476943969727, 11.658072471618652, 1.2394897937774658, 11.399450302124023, 5.108133316040039, 5.619731903076172, 3.66310453414917, 7.1506147384643555, 6.72167444229126, 2.55354905128479, 7.152333736419678, 2.2365453243255615, 2.3262054920196533, 3.2296600341796875, 13.252199172973633, 3.9119699001312256, 8.106106758117676, 4.440572261810303, 3.0837526321411133, 5.77262020111084, 4.624511241912842, 7.034438133239746, 4.007648468017578, 7.0068159103393555, 4.574966907501221, 7.942038536071777, 13.059600830078125, 4.192426681518555, 6.637168884277344, 10.80679702758789, 4.6697821617126465, 10.934748649597168, 5.551895618438721, 3.0019915103912354, 8.934067726135254, 4.371164798736572, 4.710832118988037, 11.674315452575684, 13.27759075164795, 24.935272216796875, 2.5466604232788086, 10.317980766296387, 6.850513935089111, 6.131567001342773, 1.4690934419631958, 8.867758750915527, 5.598272323608398, 12.605810165405273, 7.387264728546143, 9.019513130187988, 4.538384914398193, 14.92206859588623, 6.526821613311768, 2.1994402408599854, 8.615463256835938, 4.248575210571289, 4.021259307861328, 2.359646797180176, 11.832788467407227, 10.307393074035645, 5.561951637268066, 8.239907264709473, 2.8615176677703857, 1.420529842376709, 2.3059370517730713, 2.9636263847351074, 15.09100341796875, 1.1749145984649658, 10.63626480102539, 23.11869239807129, 10.843096733093262, 6.38204288482666, 3.9926202297210693, 3.658325433731079, 6.7991623878479, 3.4531586170196533, 8.053576469421387, 2.670025110244751, 4.775768280029297, 18.823667526245117, 8.488743782043457, 4.169157028198242, 8.326780319213867, 7.818356990814209, 7.667915344238281, 2.3334522247314453, 4.777299404144287, 3.570704221725464, 8.630117416381836, 5.7477898597717285, 5.565402030944824, 3.5893025398254395, 4.67568302154541, 13.271440505981445, 5.390401363372803, 4.493459701538086, 12.339934349060059, 7.084474086761475, 26.178321838378906, 5.514976978302002, 6.884096622467041, 2.080040216445923, 8.722017288208008, 22.82929039001465, 2.1367413997650146, 7.074944972991943, 0.8596885204315186, 7.252951622009277, 5.311016082763672, 6.489120006561279, 7.118122100830078, 12.346056938171387, 7.92922830581665, 1.2601679563522339, 10.288124084472656, 2.1569857597351074, 4.5512285232543945, 4.982326030731201, 7.971665859222412, 11.117866516113281, 3.1388354301452637, 4.257838726043701, 8.091744422912598, 8.719267845153809, 3.8043782711029053, 3.9353578090667725, 13.442058563232422, 8.821284294128418, 1.1433578729629517, 6.771915435791016, 4.067892551422119, 8.624053955078125, 6.356465816497803, 7.521756649017334, 7.786885738372803, 4.646069526672363, 0.5108553171157837, 2.179652452468872, 11.805113792419434, 5.432644844055176, 17.653501510620117, 3.5388262271881104, 8.674704551696777, 6.142769813537598, 6.765888690948486, 8.915583610534668, 13.87367057800293, 6.112818241119385, 3.2562005519866943, 6.096192836761475, 8.319080352783203, 7.124707221984863, 10.497568130493164, 6.1476593017578125, 5.715087890625, 4.900475025177002, 6.308638095855713, 7.615377426147461, 4.094329357147217, 16.937612533569336, 1.8391860723495483, 7.245614528656006, 20.86520767211914, 6.083405017852783, 0.8485292196273804, 5.275414943695068, 3.512418508529663, 9.214127540588379, 2.4704830646514893, 7.3645830154418945, 1.675074815750122, 5.3686723709106445, 8.740838050842285, 1.6873667240142822, 7.1036295890808105, 8.599297523498535, 3.493441104888916, 11.026768684387207, 4.017789363861084, 2.4992029666900635, 7.118175029754639, 3.0916709899902344, 2.88364577293396, 2.158785343170166, 2.730081796646118, 3.2542901039123535, 13.820006370544434, 13.747527122497559, 9.605047225952148, 6.422285556793213, 2.30800724029541, 3.945491313934326, 6.003611087799072, 3.0704543590545654, 5.763127326965332, 11.685172080993652, 11.75597095489502, 7.57794713973999, 2.1221275329589844, 3.0024571418762207, 2.8127903938293457, 7.670452117919922, 5.217067241668701, 4.253849029541016, 1.5923545360565186, 3.7357277870178223, 12.624405860900879, 3.121919631958008, 3.519956350326538, 4.222801685333252, 5.379732608795166, 3.3448879718780518, 7.293481826782227, 7.712882995605469, 5.696028232574463, 4.175638675689697, 7.101760387420654, 3.0293257236480713, 4.5024566650390625, 4.893093585968018, 2.9530227184295654, 11.164441108703613, 8.7828369140625, 5.682067394256592, 5.550137042999268, 2.0717523097991943, 2.603745460510254, 11.299310684204102, 3.4160470962524414, 6.297802925109863, 6.1237473487854, 8.061633110046387, 1.6569796800613403, 7.043079853057861, 2.4369864463806152, 3.0319411754608154, 3.644322633743286, 1.310996174812317, 4.847835540771484, 14.602448463439941, 5.240410804748535, 4.789247035980225, 16.787172317504883, 2.2274765968322754, 7.969193458557129, 4.8112382888793945, 18.776958465576172, 2.263578414916992, 5.336340427398682, 7.719054698944092, 9.151106834411621, 1.2528131008148193, 6.2696309089660645, 4.075540065765381, 3.3708643913269043, 3.4712815284729004, 9.912945747375488, 3.5205843448638916, 1.6410523653030396, 7.558207988739014, 17.400474548339844, 13.171195983886719, 6.487555027008057, 7.305908679962158, 7.236569881439209, 11.594165802001953, 5.685961723327637, 12.544628143310547, 4.049376010894775, 13.911330223083496, 4.163224220275879, 7.515120029449463, 5.059736251831055, 8.838823318481445, 13.285282135009766, 4.6222639083862305, 4.981270790100098, 3.4638609886169434, 4.203431606292725, 2.8608527183532715, 5.606749534606934, 6.075517177581787, 18.399646759033203, 7.657450199127197, 5.104262351989746, 5.873108386993408, 13.038932800292969, 2.9251725673675537, 5.656783103942871, 13.274614334106445, 8.96375560760498, 8.735065460205078, 5.107036113739014, 9.820361137390137, 5.06976318359375, 13.451423645019531, 2.6590003967285156, 6.274664878845215, 3.007744073867798, 4.664074897766113, 2.3246397972106934, 2.9582009315490723, 6.596035003662109, 13.018505096435547, 3.258413076400757, 9.736861228942871, 13.422614097595215, 2.83095121383667, 20.12209701538086, 2.837754964828491, 4.017483711242676, 5.94401741027832, 4.365420341491699, 8.554326057434082, 4.220396041870117, 4.862364768981934, 5.125110626220703, 7.289886951446533, 11.008028030395508, 2.354233741760254, 9.042619705200195, 5.062589645385742, 5.214722633361816, 6.724400520324707, 2.315594434738159, 7.259894847869873, 3.6488537788391113, 7.624392986297607, 5.275444030761719, 5.996059417724609, 11.491639137268066, 5.222159385681152, 8.845297813415527, 12.945549964904785, 4.34730339050293, 4.469412326812744, 4.3896894454956055, 1.6464107036590576, 9.281599044799805, 2.777564525604248, 5.69907808303833, 3.604933977127075, 11.947583198547363, 11.939045906066895, 3.5716423988342285, 3.542391538619995, 4.530445575714111, 2.9441092014312744, 1.5113447904586792, 12.994439125061035, 9.5646333694458, 14.328042984008789, 8.457855224609375, 