{"training_parameters": {"LEARNING_RATE": 0.001, "WEIGHT_DECAY": 0, "MILESTONES": [1500, 3000, 8000], "GAMMA": 1, "BOARD_SHAPE": [4, 4], "BATCH_SIZE": 10, "POOL_SIZE": 1000, "TRAINING_STEPS": 5000, "UPDATE_STEPS": [15, 30], "NUM_MOVEMENTS": 10, "NEIGHBORHOOD": "Chebyshev", "DEAD_PERCENTAGE": [0, 25], "TILE_SIZE": 37.5}, "errors": [3.480562925338745, 4.522512435913086, 9.055215835571289, 7.712987899780273, 7.088771820068359, 4.483943939208984, 4.103614807128906, 6.724756717681885, 3.1213839054107666, 7.502780437469482, 6.521749973297119, 6.69273042678833, 10.33516788482666, 4.494078636169434, 3.544112205505371, 5.592909812927246, 2.7279727458953857, 4.4841461181640625, 3.8770968914031982, 2.219912052154541, 1.57028067111969, 1.703588604927063, 2.5654425621032715, 4.286557674407959, 4.941978454589844, 1.523606538772583, 3.497731924057007, 5.5164313316345215, 5.621151447296143, 7.249569416046143, 7.9065470695495605, 1.0861505270004272, 5.385781764984131, 7.058623790740967, 2.050990581512451, 4.703495025634766, 2.7323663234710693, 8.882469177246094, 7.640264987945557, 4.940251350402832, 3.08906888961792, 5.509158134460449, 5.287201881408691, 6.465810775756836, 2.5937750339508057, 3.1302874088287354, 5.504451274871826, 5.651771545410156, 2.547970771789551, 2.2697348594665527, 4.134105682373047, 1.0511292219161987, 5.030684471130371, 3.5406644344329834, 2.751044511795044, 2.4824306964874268, 4.88804292678833, 5.321653842926025, 7.440898895263672, 2.348785161972046, 2.3945181369781494, 6.786616802215576, 1.69011390209198, 5.363265514373779, 4.751000881195068, 6.919502258300781, 0.5112113952636719, 2.9371964931488037, 6.06001615524292, 2.0678982734680176, 5.392308712005615, 7.268134593963623, 4.920492649078369, 1.5290149450302124, 3.1127607822418213, 4.744670867919922, 5.454353332519531, 3.043095588684082, 6.0956220626831055, 2.7211556434631348, 5.358005523681641, 4.389723300933838, 3.0057239532470703, 5.000543594360352, 3.2177956104278564, 4.686770439147949, 3.6526622772216797, 7.708799839019775, 2.5848488807678223, 3.453936815261841, 4.816615104675293, 4.932551383972168, 4.353677272796631, 1.65949547290802, 1.5934547185897827, 4.548146724700928, 5.491628646850586, 4.1650872230529785, 8.395195960998535, 5.4705610275268555, 2.482534646987915, 6.948919773101807, 8.764891624450684, 6.658405303955078, 5.706787109375, 3.1900808811187744, 3.2542831897735596, 3.3260838985443115, 4.6727495193481445, 6.22776985168457, 4.867650508880615, 8.517803192138672, 9.381891250610352, 3.6615686416625977, 7.038520336151123, 4.055014133453369, 3.356820583343506, 4.919175148010254, 4.771777153015137, 4.101445198059082, 5.889846324920654, 2.545182228088379, 3.7665724754333496, 6.893370628356934, 6.631906509399414, 3.246495485305786, 7.342828273773193, 1.8757567405700684, 7.452538013458252, 2.7234537601470947, 2.229855537414551, 2.8386993408203125, 3.1429216861724854, 8.501803398132324, 5.617012977600098, 4.027571201324463, 5.510754585266113, 6.854838848114014, 3.3513336181640625, 4.900972843170166, 3.9581656455993652, 7.670205593109131, 3.094663143157959, 4.04154109954834, 5.762475967407227, 7.73206901550293, 2.1968510150909424, 10.08381462097168, 1.8182867765426636, 5.185858726501465, 1.166676640510559, 5.397998809814453, 5.999486923217773, 8.050557136535645, 4.092105865478516, 4.254639148712158, 3.1452102661132812, 9.451086044311523, 3.13253116607666, 5.440948963165283, 4.225820064544678, 7.359344482421875, 6.6333184242248535, 4.891629695892334, 3.713965892791748, 4.223481178283691, 4.907803058624268, 5.125515460968018, 9.9658842086792, 3.1078269481658936, 3.118482828140259, 5.423729419708252, 8.490340232849121, 5.69929838180542, 5.105586051940918, 0.7329378724098206, 2.4198601245880127, 4.053798675537109, 4.949123382568359, 2.8002078533172607, 5.779067516326904, 4.941544055938721, 0.7425538897514343, 4.2800750732421875, 1.6624093055725098, 5.859302997589111, 2.512009859085083, 6.355106353759766, 3.281967878341675, 9.616835594177246, 8.621871948242188, 5.966556072235107, 1.7763657569885254, 7.871097564697266, 4.255056858062744, 3.019193410873413, 7.371065616607666, 2.8087024688720703, 2.3114404678344727, 9.648967742919922, 2.9955477714538574, 1.3448370695114136, 4.756626129150391, 3.4936673641204834, 3.355771780014038, 3.604407548904419, 1.0664772987365723, 3.071812391281128, 1.7894622087478638, 4.536933422088623, 6.947351932525635, 5.772141456604004, 10.39072322845459, 5.122136116027832, 4.534284591674805, 5.217591285705566, 4.058413505554199, 0.34094980359077454, 3.187453508377075, 7.376998424530029, 3.907660961151123, 3.3958373069763184, 3.7977325916290283, 7.589588165283203, 1.6039544343948364, 1.5058315992355347, 3.8253374099731445, 5.2790703773498535, 3.2052347660064697, 8.223535537719727, 9.123886108398438, 4.6680402755737305, 2.413774013519287, 3.0503854751586914, 1.5054776668548584, 5.550314903259277, 7.664797782897949, 4.711696147918701, 3.9000234603881836, 2.106459379196167, 5.290623188018799, 1.488444209098816, 2.4251699447631836, 8.084585189819336, 7.585127830505371, 8.721364974975586, 6.4553751945495605, 7.04135799407959, 3.231658935546875, 2.7711336612701416, 5.06449031829834, 3.17952299118042, 10.37269115447998, 4.863397598266602, 4.403079032897949, 2.2396891117095947, 1.5603225231170654, 1.8014702796936035, 8.761954307556152, 5.851858615875244, 4.283287525177002, 4.424219131469727, 3.4849345684051514, 4.765048027038574, 8.089812278747559, 1.5021135807037354, 5.5233964920043945, 5.2263689041137695, 5.9297356605529785, 1.8629190921783447, 9.996800422668457, 0.656807005405426, 1.5136964321136475, 9.976580619812012, 1.7841845750808716, 5.684585094451904, 9.347246170043945, 6.718947410583496, 2.9871666431427, 7.876258850097656, 4.498483657836914, 2.790759801864624, 3.3624768257141113, 6.003418445587158, 3.2409653663635254, 5.047862529754639, 4.877681255340576, 10.206717491149902, 8.632280349731445, 3.052321195602417, 4.531259059906006, 4.701088905334473, 8.11531925201416, 1.6857155561447144, 7.7285475730896, 9.18983268737793, 4.6482720375061035, 3.695281744003296, 4.924436569213867, 4.263383865356445, 3.583664894104004, 4.28432559967041, 2.101940155029297, 5.129471778869629, 5.847298622131348, 3.491076946258545, 3.3910064697265625, 2.320887327194214, 3.4064600467681885, 1.9827662706375122, 4.642817497253418, 8.662955284118652, 4.651421070098877, 8.206068992614746, 4.969541072845459, 2.376692056655884, 1.9625107049942017, 5.645716190338135, 5.121825218200684, 3.5064761638641357, 2.8239102363586426, 4.904747486114502, 3.3353419303894043, 5.062291622161865, 1.7536439895629883, 3.7950587272644043, 4.931853294372559, 4.668612480163574, 2.3440744876861572, 1.3507533073425293, 3.437879800796509, 6.784782886505127, 7.495730876922607, 1.6713438034057617, 5.746699333190918, 2.077497959136963, 5.2900872230529785, 9.105156898498535, 7.763120174407959, 7.359172821044922, 2.2571094036102295, 8.22512149810791, 3.577950954437256, 1.7301541566848755, 4.092854976654053, 4.689614772796631, 4.778348922729492, 0.7411013841629028, 1.605690598487854, 3.479032039642334, 1.849822759628296, 5.584677219390869, 7.191393852233887, 4.670967102050781, 7.257156848907471, 3.4894514083862305, 3.3571152687072754, 4.611237049102783, 1.9837723970413208, 7.34077262878418, 10.23032283782959, 2.2642080783843994, 4.590441703796387, 7.18062162399292, 6.30440092086792, 4.875182151794434, 5.277993202209473, 6.171017646789551, 0.9424488544464111, 6.011610984802246, 4.084609031677246, 1.6578783988952637, 8.813674926757812, 3.295830726623535, 5.175107955932617, 7.478495121002197, 5.858763217926025, 4.706183433532715, 7.605139255523682, 7.657905101776123, 2.5980725288391113, 6.130439758300781, 0.8910653591156006, 3.8746490478515625, 5.802623748779297, 5.497331142425537, 1.3489818572998047, 0.5122844576835632, 4.0290021896362305, 5.8785576820373535, 5.352982997894287, 4.949206352233887, 7.941040992736816, 8.750666618347168, 2.9802281856536865, 1.1339246034622192, 3.460726261138916, 3.6281676292419434, 