{"training_parameters": {"LEARNING_RATE": 0.001, "WEIGHT_DECAY": 0, "MILESTONES": [1500, 3000, 8000], "GAMMA": 1, "BOARD_SHAPE": [4, 4], "BATCH_SIZE": 10, "POOL_SIZE": 1000, "TRAINING_STEPS": 5000, "UPDATE_STEPS": [15, 30], "NUM_MOVEMENTS": 1, "NEIGHBORHOOD": "Chebyshev", "DEAD_PERCENTAGE": [0, 25], "TILE_SIZE": 37.5}, "errors": [40.88955307006836, 14.953529357910156, 9.808072090148926, 20.64572525024414, 25.0570125579834, 33.53468322753906, 10.280584335327148, 10.73510456085205, 4.090260982513428, 22.010517120361328, 15.6295166015625, 26.327234268188477, 21.331375122070312, 21.20819664001465, 4.843191623687744, 13.403450012207031, 16.2728214263916, 28.47756576538086, 26.194551467895508, 22.7059268951416, 43.83055114746094, 33.568092346191406, 13.621330261230469, 13.60784912109375, 51.79314422607422, 17.661043167114258, 17.980911254882812, 22.511089324951172, 55.20780944824219, 17.36399269104004, 29.858470916748047, 11.88259506225586, 20.69096565246582, 20.795656204223633, 3.661829710006714, 10.196831703186035, 27.430191040039062, 30.18686866760254, 11.230184555053711, 17.4747314453125, 15.185843467712402, 14.0802640914917, 18.711091995239258, 26.496673583984375, 12.748409271240234, 18.565731048583984, 7.273355960845947, 10.928008079528809, 26.6555233001709, 35.7751350402832, 57.83428955078125, 20.874317169189453, 31.46706771850586, 18.725479125976562, 15.515836715698242, 38.299137115478516, 58.84031295776367, 35.2994270324707, 18.47762107849121, 22.087800979614258, 35.25815963745117, 24.78435707092285, 7.766095161437988, 20.9905948638916, 37.32966995239258, 30.116615295410156, 37.12105941772461, 3.7672243118286133, 40.5124626159668, 5.939035892486572, 16.169450759887695, 52.873878479003906, 12.716156959533691, 20.163055419921875, 19.80376625061035, 22.60145378112793, 10.80002212524414, 26.87339210510254, 25.012861251831055, 18.2879638671875, 6.9514288902282715, 29.669170379638672, 13.153487205505371, 14.14234733581543, 21.010913848876953, 8.86749267578125, 26.67432403564453, 11.669059753417969, 42.62992858886719, 33.169654846191406, 54.66042709350586, 16.28091049194336, 12.757545471191406, 14.571097373962402, 43.93506622314453, 6.100771427154541, 5.518977165222168, 8.948640823364258, 38.428924560546875, 25.31306266784668, 15.841363906860352, 17.58000946044922, 25.48279571533203, 37.10326385498047, 30.85643196105957, 29.255083084106445, 4.038280487060547, 36.244293212890625, 16.26112937927246, 41.68671417236328, 43.46416473388672, 37.393592834472656, 19.48346710205078, 25.17192268371582, 15.338409423828125, 23.942481994628906, 16.034202575683594, 44.88883590698242, 43.18117141723633, 12.187284469604492, 19.1763858795166, 30.795961380004883, 23.673248291015625, 23.313552856445312, 2.6436073780059814, 29.553491592407227, 24.41037940979004, 8.620291709899902, 14.389312744140625, 38.51509475708008, 3.4109535217285156, 24.903818130493164, 12.61135196685791, 23.021299362182617, 47.36497116088867, 10.975042343139648, 23.771718978881836, 7.630799293518066, 48.16638946533203, 26.940208435058594, 31.123802185058594, 10.599678039550781, 11.193021774291992, 11.6720609664917, 34.05331039428711, 23.968351364135742, 33.27451705932617, 44.01356887817383, 35.14947509765625, 42.419090270996094, 25.431272506713867, 39.4796028137207, 24.53982162475586, 10.349308967590332, 6.2562174797058105, 22.142005920410156, 28.0963134765625, 15.282024383544922, 37.60958480834961, 41.29325866699219, 15.758105278015137, 30.139543533325195, 35.11769485473633, 9.762225151062012, 18.42653465270996, 46.61408233642578, 19.334409713745117, 35.607635498046875, 26.85663414001465, 3.942758083343506, 24.895767211914062, 10.84230899810791, 33.30982971191406, 32.362850189208984, 14.492448806762695, 17.899673461914062, 27.10042381286621, 24.587203979492188, 18.573083877563477, 10.932048797607422, 13.814732551574707, 9.858370780944824, 8.27328109741211, 21.23428726196289, 14.109354019165039, 3.9166641235351562, 14.96904468536377, 6.298851013183594, 6.4628400802612305, 23.634092330932617, 23.964744567871094, 15.422388076782227, 10.029106140136719, 33.38844299316406, 6.603518009185791, 13.55470085144043, 15.578998565673828, 29.078330993652344, 12.653078079223633, 6.953517436981201, 14.019698143005371, 20.869855880737305, 42.72772216796875, 39.703372955322266, 19.97821807861328, 41.6507568359375, 16.250118255615234, 21.465986251831055, 3.7321290969848633, 23.71936798095703, 32.487510681152344, 21.251970291137695, 31.932758331298828, 14.26269245147705, 36.43911361694336, 6.532870769500732, 21.197359085083008, 28.705358505249023, 21.606199264526367, 18.64822769165039, 15.846663475036621, 39.035831451416016, 32.35972595214844, 12.369464874267578, 24.110912322998047, 19.50336456298828, 10.589598655700684, 22.942855834960938, 13.626302719116211, 8.943323135375977, 19.50337791442871, 26.352497100830078, 12.688055992126465, 11.867300987243652, 18.59535026550293, 8.855159759521484, 16.519567489624023, 13.322160720825195, 47.98415756225586, 8.46448040008545, 36.800148010253906, 13.302775382995605, 14.263762474060059, 6.8301310539245605, 11.283971786499023, 17.747413635253906, 26.845426559448242, 5.902679443359375, 22.539079666137695, 16.794498443603516, 24.868579864501953, 26.60848617553711, 38.84272766113281, 24.691789627075195, 36.02811050415039, 27.387001037597656, 26.914833068847656, 14.98676586151123, 29.54369354248047, 11.264701843261719, 24.332752227783203, 25.47799301147461, 7.389476776123047, 40.10819625854492, 11.630935668945312, 27.775171279907227, 21.726667404174805, 43.52671432495117, 27.247432708740234, 26.8817081451416, 22.727798461914062, 12.215616226196289, 7.085176944732666, 49.41416931152344, 39.53095626831055, 5.95642614364624, 36.022247314453125, 28.293128967285156, 24.424522399902344, 53.864898681640625, 25.59324836730957, 31.57748031616211, 29.896560668945312, 19.83121681213379, 31.987998962402344, 20.53858184814453, 30.278043746948242, 15.938946723937988, 7.797092437744141, 11.045735359191895, 27.07779884338379, 8.381935119628906, 49.165435791015625, 14.201345443725586, 24.7596435546875, 13.452142715454102, 13.35910701751709, 17.694612503051758, 3.0200538635253906, 30.444807052612305, 15.588541984558105, 23.00768280029297, 56.214656829833984, 18.165468215942383, 40.809654235839844, 16.297985076904297, 10.575190544128418, 24.072460174560547, 28.43024444580078, 14.511722564697266, 1.3931550979614258, 22.077404022216797, 10.943321228027344, 16.846635818481445, 13.369696617126465, 28.819108963012695, 33.32393264770508, 41.144474029541016, 19.040325164794922, 15.992568016052246, 31.671743392944336, 46.891910552978516, 20.058692932128906, 26.06390380859375, 16.261526107788086, 7.87652063369751, 29.587167739868164, 36.570003509521484, 18.695354461669922, 36.48399353027344, 16.234838485717773, 21.45035171508789, 21.237581253051758, 11.373590469360352, 19.446510314941406, 39.683250427246094, 13.111002922058105, 14.568655014038086, 17.073619842529297, 39.42117691040039, 14.259272575378418, 21.283979415893555, 24.822998046875, 43.26280975341797, 41.83015060424805, 24.63138198852539, 25.016361236572266, 19.01154327392578, 27.319181442260742, 25.311283111572266, 25.844449996948242, 39.69389343261719, 37.35443115234375, 19.35624122619629, 35.16850662231445, 8.49365520477295, 7.868744373321533, 24.039716720581055, 6.811802387237549, 28.457807540893555, 5.149246692657471, 23.567852020263672, 3.9118428230285645, 21.331680297851562, 25.62836456298828, 21.410005569458008, 21.834117889404297, 38.00642013549805, 40.430885314941406, 4.561634540557861, 28.404644012451172, 7.692286968231201, 17.6391658782959, 18.755809783935547, 24.70347785949707, 29.719402313232422, 46.720802307128906, 2.4250831604003906, 29.50048828125, 21.23059844970703, 10.464693069458008, 36.6297492980957, 15.780380249023438, 37.693946838378906, 34.689552307128906, 14.207547187805176, 27.41411018371582, 32.52727127075195, 42.35813903808594, 8.024184226989746, 12.16107177734375, 32.98939895629883, 24.523035049438477, 21.991422653198242, 