{"training_parameters": {"LEARNING_RATE": 0.001, "WEIGHT_DECAY": 0, "MILESTONES": [1500, 3000, 8000], "GAMMA": 1, "BOARD_SHAPE": [4, 4], "BATCH_SIZE": 10, "POOL_SIZE": 1000, "TRAINING_STEPS": 5000, "UPDATE_STEPS": [15, 30], "NUM_MOVEMENTS": 1, "NEIGHBORHOOD": "Chebyshev", "DEAD_PERCENTAGE": [0, 25], "TILE_SIZE": 37.5}, "errors": [3.3231918811798096, 3.1469578742980957, 4.344435214996338, 7.137584209442139, 5.297090530395508, 14.218367576599121, 5.879817962646484, 19.86205291748047, 16.10620880126953, 8.850162506103516, 9.489791870117188, 10.399885177612305, 8.548759460449219, 2.0374245643615723, 12.545955657958984, 2.708848476409912, 10.505182266235352, 4.763012886047363, 3.416780471801758, 7.352362632751465, 7.748287200927734, 8.523665428161621, 12.964093208312988, 4.885653495788574, 3.354860305786133, 4.531922340393066, 2.311544179916382, 3.2489752769470215, 4.9152960777282715, 2.368482828140259, 4.990387439727783, 4.511707782745361, 19.6002197265625, 3.1052143573760986, 7.103950023651123, 3.435155153274536, 18.31951332092285, 10.538406372070312, 13.768658638000488, 10.003665924072266, 5.042446136474609, 4.693751335144043, 5.450568675994873, 3.9129586219787598, 5.703907012939453, 15.717842102050781, 16.171775817871094, 2.744000196456909, 3.2709407806396484, 8.463626861572266, 14.40295696258545, 13.23915958404541, 5.3445210456848145, 6.814094066619873, 5.701025485992432, 11.662613868713379, 5.250236988067627, 5.70060920715332, 2.869311571121216, 11.17281436920166, 2.4366161823272705, 3.4317970275878906, 7.809388637542725, 2.88869047164917, 14.545989036560059, 15.907533645629883, 3.1356139183044434, 8.899359703063965, 4.812088489532471, 12.609662055969238, 6.710846900939941, 5.290590763092041, 4.647778034210205, 7.389050483703613, 5.6309685707092285, 13.459949493408203, 1.2997764348983765, 3.0022354125976562, 8.129487991333008, 8.420087814331055, 7.597663402557373, 2.8211333751678467, 11.769927024841309, 9.262657165527344, 8.931870460510254, 2.051638603210449, 6.043818473815918, 10.792496681213379, 8.196449279785156, 2.7542784214019775, 12.76659870147705, 14.574246406555176, 18.5220947265625, 8.70130443572998, 3.914710521697998, 10.54450511932373, 4.178293228149414, 14.14765739440918, 9.504761695861816, 7.096343040466309, 5.641809463500977, 3.365511894226074, 7.644405364990234, 13.565094947814941, 2.900658369064331, 11.390596389770508, 6.5894293785095215, 3.229520320892334, 2.70477032661438, 1.2344160079956055, 4.59004545211792, 4.073749542236328, 1.664336085319519, 0.9064444899559021, 1.9703941345214844, 19.90460205078125, 7.580538749694824, 11.072871208190918, 6.7763590812683105, 6.148940563201904, 6.319364547729492, 7.53318452835083, 8.95838737487793, 5.923092842102051, 13.398659706115723, 4.458990097045898, 2.131706953048706, 10.57395076751709, 6.889960765838623, 18.0137996673584, 9.029287338256836, 5.58656120300293, 5.21748161315918, 8.29688835144043, 4.652496337890625, 9.34963607788086, 11.131051063537598, 7.490482330322266, 1.1248211860656738, 6.396947860717773, 5.6898908615112305, 3.6554431915283203, 8.691422462463379, 3.837179660797119, 2.8903391361236572, 4.640875339508057, 2.121598482131958, 10.689963340759277, 7.708922386169434, 4.573348045349121, 7.5930070877075195, 8.850526809692383, 5.216353416442871, 14.266796112060547, 5.982222080230713, 8.99986457824707, 1.2804194688796997, 6.143111705780029, 6.803218841552734, 3.35982608795166, 5.365081310272217, 7.151890277862549, 11.269758224487305, 6.234559059143066, 10.883858680725098, 4.900539875030518, 2.7883517742156982, 7.2388434410095215, 6.907098293304443, 4.325305461883545, 3.9839770793914795, 6.894143581390381, 1.248334288597107, 6.086863994598389, 10.245025634765625, 22.63821029663086, 1.189530372619629, 4.981760501861572, 4.208643913269043, 10.069173812866211, 8.171355247497559, 4.288522720336914, 3.0910654067993164, 4.905213832855225, 8.435912132263184, 21.00193977355957, 8.260032653808594, 2.740746021270752, 6.10956335067749, 7.851834297180176, 5.397038459777832, 9.386028289794922, 2.708674192428589, 5.5156168937683105, 0.5376590490341187, 9.487850189208984, 21.026418685913086, 3.727219343185425, 4.6591081619262695, 15.763527870178223, 2.568844795227051, 11.25768756866455, 4.483339786529541, 6.518874645233154, 2.662069082260132, 7.4372758865356445, 20.80821990966797, 4.555593490600586, 4.428340435028076, 2.9256837368011475, 7.438604354858398, 9.435978889465332, 5.145809173583984, 2.9887495040893555, 8.475980758666992, 7.980024814605713, 5.983098030090332, 5.105978488922119, 2.8757011890411377, 4.108111381530762, 9.45596694946289, 3.536226511001587, 7.946532726287842, 9.481975555419922, 5.807257652282715, 12.133540153503418, 1.3771066665649414, 8.79492473602295, 6.9693708419799805, 2.3963682651519775, 11.304598808288574, 4.215383052825928, 10.53361701965332, 16.090423583984375, 10.545859336853027, 3.7025134563446045, 10.509511947631836, 7.797950267791748, 12.914548873901367, 5.879634380340576, 9.918757438659668, 2.9494216442108154, 4.356965065002441, 7.179986953735352, 10.021431922912598, 13.450244903564453, 6.6533284187316895, 13.967117309570312, 2.7816483974456787, 6.4276509284973145, 7.641638278961182, 15.444355010986328, 7.506245136260986, 5.621309757232666, 3.659792184829712, 13.601760864257812, 12.844962120056152, 5.668231964111328, 6.444056034088135, 8.161937713623047, 4.5573954582214355, 7.936072826385498, 12.337128639221191, 2.4038262367248535, 12.615152359008789, 18.824329376220703, 7.645351409912109, 6.845869064331055, 2.337433099746704, 4.142791271209717, 8.539488792419434, 5.131363868713379, 4.219227313995361, 3.649447441101074, 9.767498970031738, 2.389641523361206, 4.027966022491455, 6.445996284484863, 3.604409694671631, 15.075582504272461, 7.846688270568848, 6.048752307891846, 4.656369686126709, 9.74350357055664, 5.197208404541016, 2.0151047706604004, 11.846457481384277, 8.648714065551758, 3.7505877017974854, 3.8573198318481445, 10.056800842285156, 11.28444766998291, 15.485259056091309, 8.00951862335205, 9.23369026184082, 8.01086711883545, 5.551968097686768, 9.150188446044922, 5.666662216186523, 9.861494064331055, 4.085432052612305, 5.4313273429870605, 8.08372974395752, 2.1174488067626953, 4.746551036834717, 1.3747661113739014, 9.135221481323242, 5.897558689117432, 3.262533187866211, 19.188949584960938, 4.705565929412842, 1.0492751598358154, 5.492674827575684, 5.735747814178467, 7.121926307678223, 2.3698031902313232, 12.49077033996582, 5.684220790863037, 23.82376480102539, 7.450865268707275, 13.215483665466309, 3.279409170150757, 9.000991821289062, 9.076794624328613, 6.257157325744629, 15.126060485839844, 4.61147928237915, 2.3789844512939453, 16.163330078125, 3.7392332553863525, 2.6725821495056152, 0.8345757722854614, 7.093588829040527, 9.407991409301758, 4.974160194396973, 20.718599319458008, 7.834146499633789, 10.766834259033203, 7.411006450653076, 8.844274520874023, 4.916409015655518, 9.442030906677246, 5.513726711273193, 24.453697204589844, 9.217425346374512, 2.7631068229675293, 5.8624372482299805, 0.9184419512748718, 11.098970413208008, 9.32360553741455, 8.13008975982666, 12.00747013092041, 1.1157962083816528, 5.987692832946777, 4.501943111419678, 17.070955276489258, 28.537921905517578, 5.433979511260986, 4.595609188079834, 2.501777410507202, 3.41833233833313, 8.789587020874023, 6.434042453765869, 2.3669726848602295, 10.433316230773926, 3.824629068374634, 11.768585205078125, 6.3759684562683105, 12.025415420532227, 18.87697982788086, 7.4892120361328125, 19.925704956054688, 3.039823293685913, 10.820295333862305, 9.095586776733398, 12.932351112365723, 6.55192756652832, 3.3720297813415527, 4.14553165435791, 8.059289932250977, 5.623126983642578, 4.746693134307861, 7.5653533935546875, 11.151911735534668, 12.09709358215332, 7.9323272705078125, 2.548854112625122, 3.7509727478027344, 10.62357234954834, 12.970701217651367, 3.1791536808013916, 3.827249050140381, 13.259105682373047, 6.761134147644043, 4.9240593910217285, 6.091766357421875, 5.543224334716797, 