{"training_parameters": {"LEARNING_RATE": 0.001, "WEIGHT_DECAY": 0, "MILESTONES": [1500, 3000, 8000], "GAMMA": 1, "BOARD_SHAPE": [4, 4], "BATCH_SIZE": 10, "POOL_SIZE": 1000, "TRAINING_STEPS": 5000, "UPDATE_STEPS": [15, 30], "NUM_MOVEMENTS": 1, "NEIGHBORHOOD": "Chebyshev", "DEAD_PERCENTAGE": [0, 25], "TILE_SIZE": 37.5}, "errors": [5.978550910949707, 5.259094715118408, 7.682333946228027, 4.2813591957092285, 7.633978843688965, 8.789483070373535, 5.0411458015441895, 14.343489646911621, 6.432278156280518, 5.107600688934326, 6.283657550811768, 0.8549175262451172, 9.062553405761719, 3.383782386779785, 7.474714756011963, 4.114551067352295, 3.0113461017608643, 1.0479356050491333, 3.7208986282348633, 6.5102009773254395, 7.83441162109375, 1.79196035861969, 3.5012850761413574, 3.754775285720825, 1.5131006240844727, 5.066500186920166, 2.442751884460449, 3.7665555477142334, 4.714715480804443, 2.1574087142944336, 6.238597393035889, 8.058806419372559, 6.450169086456299, 1.4727978706359863, 4.393793106079102, 6.577168941497803, 15.278210639953613, 13.218788146972656, 6.287084579467773, 5.081589698791504, 10.08671760559082, 1.4632282257080078, 13.745850563049316, 10.921764373779297, 2.7484655380249023, 7.1851983070373535, 7.224320411682129, 4.568312168121338, 10.239959716796875, 5.709637641906738, 7.155192852020264, 1.6109180450439453, 2.875570774078369, 10.32991886138916, 4.670320510864258, 4.033661842346191, 3.5280163288116455, 6.311465740203857, 7.712457656860352, 7.868474960327148, 2.3882341384887695, 3.9018757343292236, 6.89773416519165, 9.855963706970215, 5.381368160247803, 7.879745960235596, 4.879093647003174, 3.9186465740203857, 5.533533573150635, 15.356328964233398, 5.985208511352539, 6.169571876525879, 3.438077926635742, 2.0521857738494873, 10.526165008544922, 15.582242965698242, 5.441793441772461, 12.791119575500488, 7.6336445808410645, 5.091086387634277, 4.216589450836182, 3.3027613162994385, 25.757579803466797, 24.78961753845215, 10.135459899902344, 9.115690231323242, 1.611389398574829, 3.718869209289551, 3.4143476486206055, 2.934312343597412, 1.9583992958068848, 2.823138475418091, 6.566178321838379, 7.470304489135742, 3.961151123046875, 5.982582092285156, 4.1147589683532715, 7.681687831878662, 7.593393802642822, 6.487700462341309, 3.808175802230835, 6.943070888519287, 6.038146018981934, 3.3957817554473877, 12.582601547241211, 6.219221591949463, 6.974145412445068, 5.45998477935791, 19.497074127197266, 6.873744964599609, 9.885208129882812, 12.515914916992188, 7.8387131690979, 10.550899505615234, 3.211089611053467, 5.299745082855225, 7.542991638183594, 1.009257435798645, 4.5605902671813965, 11.917635917663574, 6.652135848999023, 8.013489723205566, 5.689151287078857, 4.464617729187012, 4.007708549499512, 7.479148864746094, 9.084044456481934, 7.691195487976074, 2.7088096141815186, 12.80650520324707, 5.032800674438477, 7.377262115478516, 3.548175096511841, 7.433640956878662, 3.9379522800445557, 6.612621307373047, 11.23001766204834, 7.902801513671875, 8.94385051727295, 6.556689262390137, 8.849328994750977, 6.705862045288086, 7.973383903503418, 9.691414833068848, 5.658167839050293, 3.490757942199707, 8.766918182373047, 8.058783531188965, 6.073768615722656, 2.4809858798980713, 9.334898948669434, 3.1010825634002686, 5.175505638122559, 8.8838529586792, 4.269663333892822, 6.603235244750977, 5.622529029846191, 2.8988022804260254, 5.168266773223877, 8.553832054138184, 2.273897886276245, 8.873525619506836, 7.460577011108398, 1.1487432718276978, 9.841462135314941, 5.173580169677734, 8.820039749145508, 3.182140588760376, 2.411435842514038, 2.3429291248321533, 3.75473952293396, 2.44248366355896, 13.272521018981934, 8.82599925994873, 24.391597747802734, 5.611127853393555, 2.529766321182251, 9.119308471679688, 26.10848617553711, 4.108891487121582, 3.196072816848755, 4.516097068786621, 9.741263389587402, 3.839667558670044, 2.127331018447876, 2.705172538757324, 2.5363287925720215, 1.2839595079421997, 3.0615429878234863, 0.6274712681770325, 1.2174359560012817, 3.8366081714630127, 1.620082974433899, 2.3878843784332275, 13.53641128540039, 4.776639938354492, 5.435566425323486, 8.017510414123535, 3.7782275676727295, 1.0320831537246704, 4.426798343658447, 11.263051986694336, 6.665646076202393, 3.483924150466919, 0.798540472984314, 2.5923032760620117, 11.625231742858887, 1.6663124561309814, 3.1346240043640137, 11.930744171142578, 3.3134422302246094, 8.444719314575195, 5.4827117919921875, 15.675057411193848, 5.65693998336792, 3.7798233032226562, 14.689422607421875, 1.6660072803497314, 6.79094123840332, 9.353769302368164, 6.597999095916748, 1.6029881238937378, 1.399375319480896, 4.9752020835876465, 4.669040203094482, 4.118419647216797, 6.665077209472656, 8.86697006225586, 12.41768741607666, 0.864858090877533, 5.408474445343018, 7.79875373840332, 2.1420373916625977, 4.233379364013672, 7.688868045806885, 12.450532913208008, 1.998238444328308, 20.782217025756836, 3.987476348876953, 6.101242542266846, 5.220453262329102, 1.6075190305709839, 4.803704738616943, 5.958221912384033, 9.034466743469238, 2.9212234020233154, 5.388502597808838, 6.012984752655029, 0.38287195563316345, 5.777398586273193, 3.996981620788574, 5.553441047668457, 4.434408664703369, 8.76568603515625, 3.398607015609741, 6.975511074066162, 10.986825942993164, 3.3404181003570557, 3.1130471229553223, 8.474859237670898, 5.258485317230225, 3.5231029987335205, 5.299607753753662, 8.282865524291992, 5.286531925201416, 3.303192138671875, 2.9835736751556396, 10.792740821838379, 9.938891410827637, 9.282761573791504, 5.2318434715271, 2.919325590133667, 8.994961738586426, 4.091831207275391, 9.087176322937012, 1.6145912408828735, 6.246450424194336, 4.970708847045898, 2.340721607208252, 9.882326126098633, 11.880270004272461, 5.568356990814209, 5.8821234703063965, 1.007460355758667, 1.3675307035446167, 6.151577472686768, 8.681015968322754, 24.183944702148438, 5.764978408813477, 5.338506698608398, 7.022278785705566, 9.62598991394043, 6.314560890197754, 7.491347312927246, 3.4262168407440186, 7.33557653427124, 1.8783127069473267, 3.4942004680633545, 2.45096755027771, 7.944423675537109, 3.1814687252044678, 12.182670593261719, 10.602508544921875, 3.64526629447937, 9.4341459274292, 3.889294147491455, 3.5249485969543457, 2.764857530593872, 4.251238822937012, 3.288337469100952, 9.92626667022705, 12.794066429138184, 4.909984111785889, 10.977490425109863, 9.351089477539062, 1.3385486602783203, 5.5423150062561035, 7.206333160400391, 5.616699695587158, 7.600208282470703, 5.855162620544434, 6.580133438110352, 8.381025314331055, 2.962054491043091, 8.06901741027832, 0.42253321409225464, 8.99142074584961, 8.271607398986816, 6.24594259262085, 7.377445220947266, 4.144138336181641, 10.904531478881836, 14.08501148223877, 3.859995126724243, 1.9580119848251343, 5.555264472961426, 7.448268890380859, 2.778709650039673, 15.091822624206543, 7.075499534606934, 4.663602352142334, 5.7571611404418945, 6.093811988830566, 2.054502010345459, 0.7681218385696411, 14.684819221496582, 2.155574083328247, 5.202952861785889, 6.0389862060546875, 4.109253883361816, 2.491929292678833, 3.6260151863098145, 9.223638534545898, 2.909593105316162, 1.9592548608779907, 7.616671085357666, 13.596224784851074, 2.1689298152923584, 7.079921722412109, 2.291411876678467, 3.581155300140381, 2.917297124862671, 10.315658569335938, 7.459757328033447, 8.925912857055664, 5.885120868682861, 6.450808048248291, 5.969095230102539, 7.596752643585205, 1.7243893146514893, 6.563855171203613, 3.1075499057769775, 11.642354965209961, 4.978614807128906, 7.942541599273682, 3.853236436843872, 10.576166152954102, 1.2908779382705688, 7.854657173156738, 1.4730778932571411, 6.80958890914917, 1.831900954246521, 11.223183631896973, 1.4820833206176758, 7.375230312347412, 6.648847579956055, 3.5665395259857178, 9.707026481628418, 4.009218692779541, 3.767568588256836, 2.9076027870178223, 6.181065559387207, 9.064903259277344, 8.51583480834961, 3.256439208984375, 4.683695316314697, 2.6822502613067627, 8.301328659057617, 