{"training_parameters": {"LEARNING_RATE": 0.001, "WEIGHT_DECAY": 0, "MILESTONES": [1500, 3000, 8000], "GAMMA": 1, "BOARD_SHAPE": [4, 4], "BATCH_SIZE": 10, "POOL_SIZE": 1000, "TRAINING_STEPS": 5000, "UPDATE_STEPS": [15, 30], "NUM_MOVEMENTS": 1, "NEIGHBORHOOD": "Chebyshev", "DEAD_PERCENTAGE": [0, 25], "TILE_SIZE": 37.5}, "errors": [12.618670463562012, 42.21120834350586, 35.82634735107422, 39.85368347167969, 22.88756561279297, 4.789060115814209, 45.62382507324219, 21.94304847717285, 52.81328201293945, 13.43828010559082, 25.77171516418457, 16.53558349609375, 18.683259963989258, 7.609212398529053, 13.563024520874023, 17.4508113861084, 3.6128344535827637, 8.090349197387695, 49.537017822265625, 43.861366271972656, 11.371089935302734, 28.448078155517578, 50.00780487060547, 8.459587097167969, 12.686168670654297, 14.92660903930664, 25.9454345703125, 18.263647079467773, 15.625481605529785, 21.4686336517334, 27.017606735229492, 36.73007583618164, 33.18476867675781, 55.31346130371094, 3.3920235633850098, 17.187524795532227, 19.101390838623047, 6.703851222991943, 18.74573516845703, 15.917098999023438, 23.565750122070312, 23.8582706451416, 18.857999801635742, 14.72527027130127, 23.72395896911621, 19.707944869995117, 42.25186538696289, 59.1559944152832, 24.263883590698242, 29.727596282958984, 52.8560676574707, 20.471467971801758, 26.834896087646484, 30.289505004882812, 13.017531394958496, 22.78451919555664, 24.84423065185547, 23.014408111572266, 15.028031349182129, 31.105648040771484, 6.4791083335876465, 1.2429519891738892, 32.30097961425781, 14.738250732421875, 33.06954574584961, 19.7004451751709, 34.858680725097656, 5.890216827392578, 35.960391998291016, 55.200660705566406, 19.192102432250977, 14.775331497192383, 4.584029197692871, 26.812278747558594, 7.099465847015381, 65.08795928955078, 7.762272834777832, 22.769283294677734, 7.656534671783447, 13.327555656433105, 38.98662185668945, 12.27075481414795, 61.68448257446289, 22.95586585998535, 25.614547729492188, 17.67137336730957, 21.03523826599121, 33.16166305541992, 16.416501998901367, 22.9221134185791, 17.709379196166992, 28.912843704223633, 17.093704223632812, 19.829355239868164, 76.11526489257812, 34.378055572509766, 43.3244514465332, 19.904788970947266, 17.001453399658203, 16.972898483276367, 18.22988510131836, 14.177123069763184, 40.36723709106445, 21.87000846862793, 11.310700416564941, 20.48581314086914, 17.40264129638672, 21.735265731811523, 58.773826599121094, 31.125896453857422, 29.66567039489746, 6.521323204040527, 20.569347381591797, 38.866607666015625, 3.770561695098877, 7.06382417678833, 40.44489669799805, 21.608078002929688, 34.90098190307617, 12.414593696594238, 27.939943313598633, 16.941478729248047, 6.3110175132751465, 2.8525495529174805, 12.970069885253906, 18.91951560974121, 15.749106407165527, 20.77157211303711, 16.92290496826172, 32.7004508972168, 40.84303665161133, 4.379127025604248, 5.745148658752441, 5.652492523193359, 38.366973876953125, 19.087627410888672, 33.92789077758789, 23.785579681396484, 16.34323501586914, 23.22642707824707, 15.10780143737793, 1.8082077503204346, 17.07062530517578, 26.78516960144043, 43.41228485107422, 33.20973587036133, 23.391813278198242, 22.567092895507812, 40.00741958618164, 39.16774368286133, 53.26210403442383, 19.800167083740234, 9.705591201782227, 21.441862106323242, 18.34596824645996, 34.78800582885742, 18.478015899658203, 8.473737716674805, 44.59589767456055, 20.413930892944336, 20.310771942138672, 48.18437194824219, 8.316420555114746, 42.440242767333984, 54.54784393310547, 25.441526412963867, 11.858512878417969, 19.673208236694336, 23.49700927734375, 36.12123489379883, 19.250368118286133, 15.005523681640625, 40.20152282714844, 10.830368041992188, 24.834592819213867, 7.126436233520508, 15.638084411621094, 30.09025764465332, 8.680927276611328, 15.091684341430664, 40.26167678833008, 5.959895133972168, 32.08838653564453, 21.70308494567871, 40.47895050048828, 30.335390090942383, 15.470088005065918, 5.843163967132568, 21.530248641967773, 17.427263259887695, 12.281559944152832, 16.438161849975586, 17.64548110961914, 29.88325309753418, 44.672119140625, 18.893333435058594, 36.6714973449707, 43.305625915527344, 37.77853012084961, 31.761810302734375, 25.414215087890625, 5.9897966384887695, 21.17612648010254, 27.66109848022461, 15.009770393371582, 12.548261642456055, 37.67804718017578, 20.1643123626709, 25.803438186645508, 22.447107315063477, 22.347789764404297, 5.566348075866699, 49.148921966552734, 21.079208374023438, 31.71246910095215, 13.525121688842773, 22.26116943359375, 15.512112617492676, 20.42852020263672, 7.405873775482178, 22.46805763244629, 19.38401222229004, 24.782766342163086, 16.926597595214844, 7.465770721435547, 38.97509765625, 22.459318161010742, 17.03647804260254, 23.575706481933594, 28.692880630493164, 19.374963760375977, 55.15411376953125, 49.12989044189453, 35.6611213684082, 32.775848388671875, 8.694438934326172, 34.49228286743164, 21.50653076171875, 18.083580017089844, 16.326719284057617, 15.731392860412598, 15.507134437561035, 59.27383804321289, 15.278019905090332, 7.380528926849365, 25.508100509643555, 8.953437805175781, 15.6133451461792, 27.31148338317871, 18.9633731842041, 40.39714050292969, 19.626619338989258, 42.86756134033203, 4.204752445220947, 45.683677673339844, 18.321311950683594, 12.92110824584961, 9.181048393249512, 12.904266357421875, 25.607467651367188, 40.602046966552734, 8.919960021972656, 11.961475372314453, 17.001766204833984, 9.985879898071289, 37.915775299072266, 18.589221954345703, 13.24234390258789, 4.603973388671875, 16.050548553466797, 17.718433380126953, 10.93944263458252, 18.159061431884766, 12.194951057434082, 58.840797424316406, 51.406036376953125, 5.470575332641602, 38.112510681152344, 12.058351516723633, 6.585999965667725, 37.12466812133789, 23.08428955078125, 41.921199798583984, 5.229881763458252, 16.117115020751953, 14.934773445129395, 17.934255599975586, 23.512176513671875, 17.441829681396484, 31.698728561401367, 17.657060623168945, 8.653303146362305, 11.787311553955078, 14.009600639343262, 16.79877471923828, 8.707338333129883, 19.838191986083984, 15.370965957641602, 20.092390060424805, 42.34184646606445, 23.79448890686035, 15.157341003417969, 7.141711235046387, 43.47158432006836, 21.624155044555664, 24.721298217773438, 5.046083450317383, 22.504804611206055, 13.826087951660156, 20.309431076049805, 19.643604278564453, 4.702130317687988, 27.74285125732422, 10.231082916259766, 47.009498596191406, 3.085902690887451, 7.9167680740356445, 37.84722900390625, 17.614913940429688, 15.12740421295166, 14.74917984008789, 5.618020534515381, 55.59947204589844, 15.42191219329834, 10.581299781799316, 20.331335067749023, 8.855098724365234, 43.7605094909668, 37.92184066772461, 9.550247192382812, 19.035327911376953, 37.9288444519043, 49.143733978271484, 13.960598945617676, 28.244403839111328, 1.3204978704452515, 10.322680473327637, 21.968896865844727, 4.213929176330566, 34.75244140625, 11.7561616897583, 21.768613815307617, 21.755355834960938, 31.49843978881836, 44.907493591308594, 14.917668342590332, 25.77155303955078, 49.550289154052734, 9.011201858520508, 43.81044006347656, 13.3429594039917, 36.933067321777344, 35.20700454711914, 4.719822406768799, 22.947519302368164, 18.673364639282227, 21.53382682800293, 16.61020278930664, 20.341489791870117, 12.383702278137207, 29.996551513671875, 18.241640090942383, 49.130882263183594, 20.411664962768555, 17.338069915771484, 24.05874252319336, 30.43833351135254, 4.199767112731934, 7.745489120483398, 15.850573539733887, 25.008298873901367, 10.357210159301758, 62.896663665771484, 17.522438049316406, 23.38431167602539, 15.322073936462402, 17.1942138671875, 30.16836929321289, 29.855113983154297, 25.821826934814453, 19.604150772094727, 23.17238426208496, 37.59056091308594, 13.69487476348877, 23.7463436126709, 30.560056686401367, 17.64828872680664, 43.41721725463867, 64.87068176269531, 20.270187377929688, 19.848880767822266, 18.827089309692383, 12.170744895935059, 52.05453109741211, 