{"training_parameters": {"LEARNING_RATE": 0.001, "WEIGHT_DECAY": 0, "MILESTONES": [1500, 3000, 8000], "GAMMA": 1, "BOARD_SHAPE": [4, 4], "BATCH_SIZE": 10, "POOL_SIZE": 1000, "TRAINING_STEPS": 5000, "UPDATE_STEPS": [15, 30], "NUM_MOVEMENTS": 1, "NEIGHBORHOOD": "Chebyshev", "DEAD_PERCENTAGE": [0, 25], "TILE_SIZE": 37.5}, "errors": [28.844295501708984, 12.269867897033691, 39.28085708618164, 16.975465774536133, 37.67378234863281, 93.98167419433594, 38.91143798828125, 5.315566539764404, 25.464012145996094, 3.2315399646759033, 44.45386505126953, 3.5323469638824463, 54.243675231933594, 44.83453369140625, 15.253765106201172, 74.37154388427734, 36.61574935913086, 68.18978881835938, 19.765817642211914, 36.15526580810547, 10.338762283325195, 38.865379333496094, 21.67715072631836, 70.84496307373047, 39.289737701416016, 29.100234985351562, 77.54900360107422, 53.093990325927734, 24.418289184570312, 51.372802734375, 27.85386085510254, 61.07891082763672, 29.917112350463867, 64.21678161621094, 112.75402069091797, 8.619389533996582, 12.371235847473145, 6.830173969268799, 8.922910690307617, 14.902196884155273, 20.564014434814453, 8.988465309143066, 45.387752532958984, 80.01107025146484, 9.347713470458984, 13.124316215515137, 42.54865264892578, 150.54153442382812, 32.80179214477539, 38.379356384277344, 14.75631046295166, 21.77982521057129, 31.398221969604492, 1.7245033979415894, 29.377931594848633, 19.64068603515625, 80.99036407470703, 15.340877532958984, 22.509292602539062, 34.0025520324707, 43.49481964111328, 63.889949798583984, 34.53715896606445, 48.76152038574219, 56.44429397583008, 47.76667022705078, 49.2012825012207, 10.78083324432373, 26.565242767333984, 28.360515594482422, 8.280903816223145, 9.13722038269043, 37.11982727050781, 6.296476364135742, 61.18796920776367, 112.86988830566406, 72.39175415039062, 11.561283111572266, 18.59895133972168, 56.28464126586914, 23.44594955444336, 8.08785629272461, 19.278884887695312, 22.57840919494629, 33.89864730834961, 49.32719039916992, 8.215225219726562, 45.22194290161133, 4.926804065704346, 47.75019454956055, 9.097623825073242, 55.93490982055664, 12.333657264709473, 66.6523666381836, 14.794285774230957, 20.164226531982422, 28.036970138549805, 8.154483795166016, 40.01082992553711, 32.463069915771484, 21.824390411376953, 21.792566299438477, 36.40370178222656, 90.74046325683594, 16.545331954956055, 5.93792200088501, 3.588935613632202, 15.151771545410156, 22.75678062438965, 16.12257957458496, 52.6551513671875, 60.08942794799805, 7.870543479919434, 75.91854858398438, 172.03591918945312, 31.05354118347168, 22.582406997680664, 49.355186462402344, 37.3563117980957, 52.04740905761719, 9.964530944824219, 14.775813102722168, 16.113502502441406, 19.108673095703125, 44.95620346069336, 110.57908630371094, 59.405025482177734, 8.044797897338867, 12.928157806396484, 65.94368743896484, 50.98332977294922, 86.593017578125, 60.29280471801758, 41.71839904785156, 69.09182739257812, 7.8704142570495605, 5.14157247543335, 32.032047271728516, 61.84548568725586, 10.12393856048584, 99.30696105957031, 87.8189926147461, 104.93535614013672, 6.561824321746826, 52.996742248535156, 89.09485626220703, 50.42686462402344, 72.39534759521484, 6.844631671905518, 23.153398513793945, 49.0591926574707, 16.801000595092773, 7.270322322845459, 57.17571258544922, 29.077259063720703, 6.082186698913574, 17.997610092163086, 55.81134033203125, 12.1005277633667, 48.63932800292969, 49.716529846191406, 62.79100799560547, 23.487340927124023, 79.99681854248047, 120.69620513916016, 8.556135177612305, 14.156475067138672, 11.512823104858398, 15.30579948425293, 8.292460441589355, 50.46226119995117, 16.73960304260254, 45.530582427978516, 3.8690593242645264, 4.669582843780518, 54.33828353881836, 73.10212707519531, 40.29819869995117, 84.76973724365234, 27.17525863647461, 15.366815567016602, 19.491771697998047, 18.618938446044922, 98.39366149902344, 8.707568168640137, 62.889122009277344, 9.029522895812988, 58.045955657958984, 2.2404041290283203, 39.571895599365234, 10.960989952087402, 42.42177963256836, 37.778865814208984, 18.513946533203125, 43.83687973022461, 16.244962692260742, 14.552104949951172, 74.87164306640625, 23.861373901367188, 32.435726165771484, 16.244962692260742, 64.7828140258789, 80.17765045166016, 29.927900314331055, 17.50555992126465, 37.962467193603516, 46.59480285644531, 24.89668846130371, 47.72193145751953, 17.555206298828125, 19.565509796142578, 70.78517150878906, 18.100065231323242, 18.554555892944336, 48.72467041015625, 24.217649459838867, 78.45304870605469, 82.85621643066406, 68.16832733154297, 63.3663215637207, 22.19939613342285, 7.898524284362793, 40.05720138549805, 35.45315170288086, 60.347774505615234, 51.96791076660156, 24.495094299316406, 13.239269256591797, 9.132283210754395, 31.868209838867188, 90.20488739013672, 24.12731170654297, 16.8104305267334, 75.10726165771484, 35.476844787597656, 10.39892578125, 20.449399948120117, 9.513678550720215, 16.846878051757812, 67.85066223144531, 29.519346237182617, 23.58208656311035, 78.36566925048828, 95.8329849243164, 12.861437797546387, 52.09402084350586, 7.231041431427002, 22.2137451171875, 40.651302337646484, 108.51225280761719, 7.252930641174316, 13.651418685913086, 5.655160903930664, 60.325565338134766, 11.020973205566406, 3.2937464714050293, 12.11638069152832, 17.086715698242188, 23.76791763305664, 73.59939575195312, 34.874916076660156, 36.75156784057617, 10.68367862701416, 14.127950668334961, 21.165876388549805, 8.49502182006836, 40.588531494140625, 28.57057762145996, 27.417367935180664, 16.911542892456055, 73.35332489013672, 56.682891845703125, 30.221105575561523, 11.152045249938965, 58.105987548828125, 15.297675132751465, 11.672354698181152, 15.746602058410645, 18.60870933532715, 23.487918853759766, 3.5004193782806396, 11.630199432373047, 60.815155029296875, 4.949913501739502, 39.04273223876953, 31.043025970458984, 88.13818359375, 53.80071258544922, 7.394480228424072, 147.8603057861328, 104.93535614013672, 17.11090087890625, 22.273279190063477, 48.91131591796875, 62.420230865478516, 5.596732139587402, 25.867355346679688, 72.35582733154297, 23.584247589111328, 41.466026306152344, 60.259918212890625, 72.93254089355469, 15.871817588806152, 29.68885612487793, 5.265126705169678, 44.56915283203125, 1.61887788772583, 20.90604591369629, 84.51846313476562, 48.09138107299805, 28.001733779907227, 6.677446365356445, 21.696897506713867, 18.606121063232422, 7.012113571166992, 17.276823043823242, 51.26744079589844, 88.14876556396484, 112.86988830566406, 45.62710189819336, 85.8019027709961, 156.2119140625, 55.772918701171875, 31.522403717041016, 78.46580505371094, 59.39239501953125, 27.48379135131836, 68.9582290649414, 49.316429138183594, 30.399438858032227, 7.6168904304504395, 101.21343231201172, 7.361384391784668, 96.24173736572266, 29.880346298217773, 54.42301940917969, 12.171756744384766, 5.655160903930664, 30.261093139648438, 44.23488235473633, 60.28669357299805, 60.07236099243164, 8.379730224609375, 61.77699279785156, 16.553247451782227, 80.9784164428711, 21.830739974975586, 16.162033081054688, 34.81977844238281, 8.593400955200195, 46.938934326171875, 72.39534759521484, 18.530181884765625, 36.708248138427734, 13.395339012145996, 23.64578628540039, 17.599018096923828, 19.29532241821289, 11.996207237243652, 41.86952209472656, 19.874509811401367, 19.361303329467773, 50.05069351196289, 31.241912841796875, 26.03034210205078, 53.73727035522461, 47.46113586425781, 36.52997589111328, 52.33578109741211, 9.13224983215332, 83.9373550415039, 39.07564163208008, 95.45514678955078, 72.39534759521484, 112.90161895751953, 21.57952308654785, 41.441837310791016, 19.776811599731445, 41.149269104003906, 17.889080047607422, 13.435491561889648, 11.176036834716797, 22.43229103088379, 7.357268810272217, 84.73831176757812, 17.848840713500977, 38.56294631958008, 4.065917015075684, 20.426572799682617, 43.58833312988281, 57.17120361328125, 45.43365478515625, 27.610870361328125, 44.658348083496094, 17.0863094329834, 5.024756908416748, 